152;18.12.2012 10:00:00;100
330;19.12.2012 10:00:00;100
519;20.12.2012 10:00:00;100
706;21.12.2012 10:00:00;100
903;24.12.2012 10:02:00;100
1022;25.12.2012 10:00:00;100
1119;26.12.2012 10:00:00;100
1224;27.12.2012 10:00:00;100
1374;28.12.2012 10:00:00;100
1531;08.01.2013 10:00:00;100
1688;09.01.2013 10:00:00;100
1707;09.01.2013 11:14:00;100,19
1739;09.01.2013 13:46:00;100,43
1770;09.01.2013 18:03:00;100,67
1793;09.01.2013 23:02:00;100,58
1796;10.01.2013 10:00:00;100,58
1814;10.01.2013 11:20:00;100,81
1830;10.01.2013 12:48:00;100,8
1853;10.01.2013 15:59:00;100,8
1858;10.01.2013 16:34:00;100,78
1873;10.01.2013 18:14:00;100,8
1880;10.01.2013 19:06:00;100,66
1883;10.01.2013 19:30:00;101
1889;10.01.2013 19:58:00;101,02
1912;11.01.2013 10:00:00;101,02
2030;14.01.2013 10:00:00;101,02
2173;15.01.2013 10:00:00;101,02
2216;15.01.2013 12:44:00;101,51
2234;15.01.2013 14:05:00;102,03
2269;15.01.2013 17:12:00;102,38
2294;15.01.2013 18:41:00;102,6
2320;15.01.2013 22:09:00;102,89
2335;16.01.2013 10:00:00;102,89
2437;16.01.2013 17:33:00;103,05
2464;16.01.2013 21:39:00;103,25
2474;17.01.2013 10:00:00;103,25
2492;17.01.2013 11:31:00;103,22
2513;17.01.2013 12:45:00;103,14
2538;17.01.2013 14:29:00;103,01
2620;18.01.2013 10:00:00;103,01
2796;21.01.2013 10:00:00;103,01
2826;21.01.2013 11:51:00;103,68
2870;21.01.2013 15:55:00;103,59
2872;21.01.2013 16:06:00;104,35
2889;21.01.2013 18:25:00;104,37
2922;22.01.2013 10:00:00;104,37
2943;22.01.2013 10:59:00;104,24
2964;22.01.2013 12:32:00;104,09
2974;22.01.2013 12:51:00;104,52
2981;22.01.2013 13:10:00;104,87
3001;22.01.2013 14:26:00;105,17
3061;22.01.2013 20:18:00;105,28
3092;23.01.2013 10:00:00;105,28
3094;23.01.2013 10:06:00;105,32
3132;23.01.2013 12:23:00;105,3
3139;23.01.2013 12:48:00;105,23
3164;23.01.2013 14:31:00;105,1
3170;23.01.2013 14:59:00;104,92
3200;23.01.2013 17:31:00;104,74
3241;23.01.2013 21:38:00;104,72
3252;24.01.2013 10:00:00;104,72
3271;24.01.2013 11:16:00;104,65
3292;24.01.2013 12:31:00;104,59
3310;24.01.2013 13:39:00;104,41
3332;24.01.2013 14:56:00;104,19
3386;24.01.2013 18:35:00;104,28
3404;24.01.2013 19:43:00;104,19
3438;25.01.2013 10:00:00;104,19
3439;25.01.2013 10:01:00;104,19
3449;25.01.2013 10:30:00;104,12
3475;25.01.2013 12:05:00;104,08
3486;25.01.2013 12:42:00;104,11
3492;25.01.2013 13:03:00;103,96
3498;25.01.2013 13:22:00;103,92
3504;25.01.2013 13:49:00;103,76
3608;28.01.2013 10:00:00;103,76
3809;29.01.2013 10:00:00;103,76
3844;29.01.2013 11:06:00;104,51
3876;29.01.2013 12:21:00;104,31
3937;29.01.2013 14:30:00;104,06
3955;29.01.2013 15:18:00;104,71
3973;29.01.2013 16:16:00;105,56
3996;29.01.2013 17:37:00;106,36
4014;29.01.2013 18:34:00;106,37
4022;29.01.2013 19:10:00;107,04
4058;29.01.2013 23:29:00;106,92
4062;30.01.2013 10:00:00;106,92
4088;30.01.2013 11:21:00;106,78
4117;30.01.2013 12:37:00;106,5
4123;30.01.2013 12:47:00;106,2
4197;30.01.2013 16:57:00;106,44
4225;30.01.2013 18:14:00;106,48
4252;30.01.2013 19:58:00;106,51
4286;30.01.2013 23:27:00;106,53
4288;30.01.2013 23:43:00;106,43
4290;31.01.2013 10:00:00;106,43
4312;31.01.2013 10:52:00;106,35
4321;31.01.2013 11:10:00;106,19
4360;31.01.2013 12:43:00;105,88
4366;31.01.2013 12:54:00;105,6
4374;31.01.2013 13:06:00;105,4
4387;31.01.2013 13:36:00;105,21
4398;31.01.2013 13:56:00;104,87
4450;31.01.2013 16:54:00;104,83
4486;31.01.2013 18:05:00;104,85
4512;31.01.2013 19:11:00;104,65
4527;31.01.2013 20:10:00;104,52
4564;01.02.2013 10:00:00;104,52
4600;01.02.2013 11:22:00;104,33
4632;01.02.2013 12:50:00;104,26
4660;01.02.2013 13:47:00;104,23
4668;01.02.2013 14:24:00;104,33
4674;01.02.2013 14:40:00;104,32
4676;01.02.2013 14:44:00;104,34
4677;01.02.2013 14:46:00;104,31
4692;01.02.2013 15:11:00;104,16
4710;01.02.2013 16:05:00;103,96
4766;01.02.2013 18:04:00;104,01
4810;01.02.2013 20:52:00;103,94
4824;01.02.2013 22:59:00;104,05
4834;04.02.2013 10:00:00;104,05
4844;04.02.2013 10:12:00;103,97
4869;04.02.2013 11:09:00;104,15
4897;04.02.2013 12:17:00;104,15
4904;04.02.2013 12:28:00;104,11
4912;04.02.2013 12:48:00;104,02
4917;04.02.2013 12:57:00;103,94
4921;04.02.2013 13:07:00;103,89
4949;04.02.2013 14:43:00;103,86
4957;04.02.2013 15:07:00;103,74
4963;04.02.2013 15:24:00;103,58
4979;04.02.2013 16:07:00;103,4
4980;04.02.2013 16:10:00;103,27
4992;04.02.2013 16:43:00;103,13
5084;05.02.2013 10:03:00;103,13
5129;05.02.2013 12:27:00;103,28
5154;05.02.2013 14:14:00;103,44
5182;05.02.2013 16:11:00;103,44
5214;05.02.2013 18:00:00;103,51
5239;05.02.2013 19:48:00;103,54
5248;05.02.2013 20:56:00;103,56
5261;06.02.2013 10:01:00;103,56
5380;06.02.2013 16:15:00;103,55
5404;06.02.2013 17:16:00;103,65
5426;06.02.2013 18:08:00;103,4
5447;06.02.2013 19:20:00;103,21
5466;06.02.2013 20:18:00;103,05
5501;07.02.2013 10:00:00;103,05
5532;07.02.2013 11:09:00;103,38
5557;07.02.2013 12:02:00;103,2
5630;07.02.2013 14:25:00;103,11
5668;07.02.2013 16:02:00;103,05
5812;08.02.2013 10:00:00;103,05
5835;08.02.2013 10:49:00;103,06
5862;08.02.2013 11:44:00;103,56
5890;08.02.2013 12:54:00;103,88
5892;08.02.2013 13:01:00;103,76
5924;08.02.2013 14:32:00;103,77
5928;08.02.2013 14:37:00;103,94
5941;08.02.2013 14:58:00;103,83
5954;08.02.2013 15:30:00;103,61
6088;11.02.2013 10:00:00;103,7
6153;11.02.2013 12:14:00;104,02
6185;11.02.2013 13:36:00;104,07
6305;11.02.2013 18:41:00;103,98
6318;11.02.2013 19:26:00;104,03
6332;11.02.2013 20:29:00;104,38
6343;11.02.2013 21:24:00;104,59
6357;11.02.2013 22:32:00;104,67
6363;12.02.2013 10:00:00;104,67
6409;12.02.2013 11:35:00;104,65
6417;12.02.2013 11:54:00;104,65
6421;12.02.2013 11:58:00;104,64
6438;12.02.2013 12:29:00;104,52
6466;12.02.2013 13:32:00;104,28
6489;12.02.2013 14:40:00;103,99
6503;12.02.2013 15:03:00;103,59
6579;12.02.2013 19:09:00;103,91
6615;12.02.2013 23:43:00;103,85
6616;13.02.2013 10:00:00;103,85
6676;13.02.2013 12:52:00;103,74
6701;13.02.2013 14:17:00;103,98
6713;13.02.2013 15:09:00;103,98
6729;13.02.2013 15:38:00;103,99
6761;13.02.2013 16:43:00;103,95
6770;13.02.2013 17:06:00;103,94
6799;13.02.2013 18:10:00;103,87
6826;13.02.2013 19:43:00;103,77
6850;13.02.2013 21:59:00;103,76
6864;14.02.2013 10:00:00;103,76
6874;14.02.2013 10:21:00;103,67
6880;14.02.2013 10:40:00;103,65
6910;14.02.2013 11:47:00;103,47
6923;14.02.2013 12:17:00;103,34
6943;14.02.2013 12:56:00;103,03
6944;14.02.2013 12:57:00;102,63
6946;14.02.2013 13:01:00;102,28
6949;14.02.2013 13:04:00;101,27
7015;14.02.2013 14:50:00;100,99
7043;14.02.2013 15:52:00;100,69
7066;14.02.2013 17:05:00;100,11
7090;14.02.2013 17:53:00;99,73
7110;14.02.2013 18:25:00;99,24
7163;15.02.2013 10:00:00;99,24
7292;15.02.2013 15:37:00;99,74
7342;15.02.2013 18:20:00;99,62
7410;18.02.2013 10:00:00;99,62
7434;18.02.2013 10:46:00;99,59
7475;18.02.2013 12:46:00;100,38
7482;18.02.2013 13:03:00;100,24
7506;18.02.2013 14:11:00;100,29
7578;18.02.2013 17:53:00;100,22
7594;18.02.2013 18:22:00;99,98
7612;18.02.2013 19:43:00;100,34
7613;18.02.2013 20:00:00;100,67
7629;18.02.2013 23:25:00;100,89
7632;19.02.2013 10:00:00;100,89
7853;20.02.2013 10:00:00;100,89
7901;20.02.2013 12:22:00;101,42
7927;20.02.2013 13:35:00;101,83
7954;20.02.2013 14:46:00;102,08
7979;20.02.2013 15:49:00;102,32
8008;20.02.2013 17:01:00;102,56
8029;20.02.2013 17:46:00;102,58
8056;20.02.2013 19:14:00;102,62
8086;20.02.2013 21:28:00;102,61
8096;20.02.2013 22:40:00;102,54
8113;21.02.2013 10:00:00;102,54
8119;21.02.2013 10:10:00;102,18
8129;21.02.2013 10:41:00;101,93
8214;21.02.2013 14:47:00;102,17
8249;21.02.2013 16:37:00;102,2
8290;21.02.2013 18:38:00;102,2
8291;21.02.2013 18:40:00;102,19
8320;21.02.2013 21:39:00;102,18
8333;21.02.2013 23:09:00;102,38
8342;22.02.2013 10:00:00;102,38
8368;22.02.2013 11:31:00;102,49
8423;22.02.2013 15:26:00;102,46
8447;22.02.2013 16:46:00;102,53
8470;22.02.2013 18:22:00;102,51
8493;22.02.2013 20:11:00;102,47
8512;25.02.2013 10:00:00;102,47
8514;25.02.2013 10:08:00;102,35
8582;25.02.2013 13:59:00;102,21
8588;25.02.2013 14:25:00;102,14
8600;25.02.2013 15:52:00;102,04
8632;25.02.2013 18:28:00;101,91
8657;25.02.2013 20:18:00;101,82
8674;25.02.2013 22:18:00;101,85
8686;25.02.2013 23:05:00;101,67
8694;26.02.2013 10:00:00;101,67
8701;26.02.2013 10:15:00;101,26
8713;26.02.2013 10:50:00;100,92
8719;26.02.2013 11:15:00;100,63
8879;26.02.2013 20:00:00;101
8907;26.02.2013 21:33:00;101,29
8929;27.02.2013 10:00:00;101,29
8931;27.02.2013 10:03:00;101,32
8958;27.02.2013 12:12:00;101,45
8969;27.02.2013 12:39:00;101,37
8990;27.02.2013 13:56:00;101,26
9008;27.02.2013 14:57:00;101,44
9010;27.02.2013 15:06:00;101,4
9014;27.02.2013 15:16:00;101,18
9030;27.02.2013 16:24:00;101,09
9111;27.02.2013 21:30:00;101,13
9134;28.02.2013 10:00:00;101,13
9157;28.02.2013 11:31:00;100,83
9182;28.02.2013 13:15:00;100,68
9213;28.02.2013 15:08:00;100,61
9216;28.02.2013 15:14:00;100,6
9247;28.02.2013 17:13:00;100,49
9277;28.02.2013 18:32:00;100,41
9283;28.02.2013 18:44:00;100,52
9294;28.02.2013 19:23:00;100,35
9306;28.02.2013 20:10:00;100,37
9342;01.03.2013 10:00:00;100,37
9360;01.03.2013 10:55:00;100,28
9382;01.03.2013 11:53:00;100,06
9408;01.03.2013 13:02:00;99,94
9428;01.03.2013 14:06:00;99,73
9441;01.03.2013 14:43:00;99,63
9517;01.03.2013 18:33:00;99,77
9552;01.03.2013 22:10:00;99,8
9563;04.03.2013 10:00:00;99,8
9587;04.03.2013 10:57:00;99,72
9604;04.03.2013 11:45:00;99,49
9671;04.03.2013 15:04:00;99,52
9710;04.03.2013 18:05:00;99,47
9751;04.03.2013 21:53:00;99,43
9765;04.03.2013 23:17:00;99,67
9774;05.03.2013 10:00:00;99,67
9776;05.03.2013 10:04:00;99,4
9791;05.03.2013 11:00:00;99,26
9808;05.03.2013 12:06:00;99,09
9866;05.03.2013 15:57:00;99,08
9911;05.03.2013 18:02:00;98,98
9915;05.03.2013 18:28:00;99,24
9930;05.03.2013 19:59:00;99,18
9956;06.03.2013 10:01:00;99,18
10150;07.03.2013 10:00:00;99,18
10158;07.03.2013 10:31:00;99,41
10182;07.03.2013 12:30:00;99,36
10197;07.03.2013 13:35:00;99,35
10202;07.03.2013 14:13:00;99,6
10210;07.03.2013 14:55:00;99,54
10216;07.03.2013 15:25:00;99,51
10219;07.03.2013 15:41:00;99,49
10230;07.03.2013 16:24:00;99,37
10245;07.03.2013 17:36:00;99,86
10268;07.03.2013 19:01:00;100,06
10298;07.03.2013 23:05:00;100,27
10309;11.03.2013 10:00:00;100,27
10328;11.03.2013 10:41:00;100,23
10355;11.03.2013 12:24:00;100,24
10379;11.03.2013 14:07:00;100,25
10409;11.03.2013 17:02:00;100,18
10415;11.03.2013 17:52:00;100,18
10442;12.03.2013 10:00:00;100,18
10445;12.03.2013 10:04:00;100,1
10469;12.03.2013 11:54:00;100,02
10486;12.03.2013 13:37:00;99,89
10492;12.03.2013 14:08:00;99,76
10591;13.03.2013 10:01:00;99,76
10765;14.03.2013 10:01:00;99,76
10821;14.03.2013 13:02:00;100,25
10858;14.03.2013 16:12:00;100,74
10864;14.03.2013 16:29:00;100,76
10886;14.03.2013 17:35:00;100,67
10892;14.03.2013 17:53:00;100,95
10924;14.03.2013 20:48:00;101,22
10935;15.03.2013 10:00:00;101,22
10952;15.03.2013 11:29:00;101,34
11026;15.03.2013 17:39:00;101,33
11046;15.03.2013 18:34:00;101,34
11061;15.03.2013 20:00:00;101,2
11084;18.03.2013 10:00:00;101,2
11095;18.03.2013 10:18:00;99,99
11292;18.03.2013 19:18:00;100,88
11320;18.03.2013 21:56:00;101,72
11351;19.03.2013 10:00:00;101,72
11352;19.03.2013 10:03:00;102,43
11376;19.03.2013 11:26:00;102,63
11407;19.03.2013 12:41:00;102,35
11409;19.03.2013 12:45:00;102,04
11427;19.03.2013 13:18:00;101,7
11434;19.03.2013 13:28:00;101,32
11487;19.03.2013 15:34:00;101,01
11515;19.03.2013 16:50:00;100,71
11540;19.03.2013 17:57:00;100,38
11567;19.03.2013 19:31:00;100,22
11571;19.03.2013 19:43:00;100,12
11593;19.03.2013 20:30:00;99,83
11617;19.03.2013 21:49:00;99,5
11631;19.03.2013 22:32:00;99,41
11653;20.03.2013 10:00:00;99,41
11661;20.03.2013 10:16:00;99,37
11686;20.03.2013 11:12:00;99,15
11712;20.03.2013 12:17:00;98,78
11736;20.03.2013 13:18:00;98,65
11754;20.03.2013 13:46:00;98,84
11766;20.03.2013 14:24:00;99,01
11781;20.03.2013 15:12:00;98,87
11923;21.03.2013 10:00:00;98,87
11950;21.03.2013 11:05:00;99,17
11975;21.03.2013 11:58:00;99,15
12021;21.03.2013 13:49:00;99,05
12038;21.03.2013 14:51:00;99,56
12062;21.03.2013 16:22:00;99,88
12091;21.03.2013 17:59:00;100,23
12113;21.03.2013 19:06:00;100,43
12169;22.03.2013 10:00:00;100,43
12382;25.03.2013 10:00:00;100,43
12390;25.03.2013 10:19:00;100,78
12394;25.03.2013 10:35:00;101,18
12409;25.03.2013 11:42:00;101,54
12435;25.03.2013 13:49:00;101,77
12463;25.03.2013 16:54:00;102,08
12470;25.03.2013 17:06:00;101,83
12499;25.03.2013 18:13:00;101,55
12518;25.03.2013 19:04:00;100,98
12532;25.03.2013 19:27:00;100,48
12548;25.03.2013 20:18:00;100,12
12584;26.03.2013 10:00:00;100,12
12607;26.03.2013 10:47:00;100,45
12643;26.03.2013 11:58:00;100,56
12677;26.03.2013 13:03:00;100,41
12707;26.03.2013 14:07:00;100,44
12720;26.03.2013 14:49:00;100,33
12733;26.03.2013 15:16:00;100,03
12753;26.03.2013 15:48:00;99,74
12771;26.03.2013 16:20:00;99,55
12845;26.03.2013 20:11:00;99,78
12876;26.03.2013 23:48:00;99,76
12877;27.03.2013 10:00:00;99,76
12912;27.03.2013 11:18:00;99,66
12935;27.03.2013 12:05:00;99,62
12953;27.03.2013 12:32:00;99,35
12971;27.03.2013 13:09:00;99,11
13104;27.03.2013 18:26:00;99,2
13122;27.03.2013 19:21:00;99,2
13143;27.03.2013 20:42:00;99,14
13171;27.03.2013 22:45:00;99,2
13188;28.03.2013 10:00:00;99,2
13199;28.03.2013 10:15:00;99,02
13209;28.03.2013 10:33:00;99,26
13243;28.03.2013 11:40:00;98,95
13405;28.03.2013 17:43:00;99,15
13427;28.03.2013 18:28:00;99,07
13477;29.03.2013 10:00:00;99,07
13518;29.03.2013 12:16:00;99,14
13553;29.03.2013 15:26:00;99,64
13595;29.03.2013 19:05:00;100,05
13623;29.03.2013 23:08:00;100,03
13629;01.04.2013 10:00:00;100,03
13634;01.04.2013 10:07:00;99,93
13640;01.04.2013 10:22:00;100,22
13667;01.04.2013 11:56:00;100,52
13723;01.04.2013 15:04:00;100,37
13744;01.04.2013 16:04:00;100,26
13762;01.04.2013 17:08:00;100,2
13783;01.04.2013 17:53:00;100,11
13803;01.04.2013 18:31:00;99,94
13822;01.04.2013 20:12:00;99,99
13826;01.04.2013 20:50:00;99,66
13850;01.04.2013 23:33:00;99,37
13857;02.04.2013 10:00:00;99,37
13869;02.04.2013 10:31:00;99,21
13886;02.04.2013 11:28:00;99,12
13913;02.04.2013 12:29:00;99,1
13941;02.04.2013 14:17:00;98,83
13971;02.04.2013 15:35:00;98,82
13972;02.04.2013 15:37:00;98,67
13999;02.04.2013 16:42:00;98,54
14003;02.04.2013 16:51:00;98,62
14034;02.04.2013 17:56:00;98,57
14040;02.04.2013 18:10:00;98,42
14068;02.04.2013 19:47:00;98,25
14079;02.04.2013 21:31:00;98,4
14093;02.04.2013 23:11:00;98,39
14102;03.04.2013 10:00:00;98,39
14107;03.04.2013 10:08:00;98,4
14124;03.04.2013 10:57:00;98,35
14165;03.04.2013 12:31:00;98,19
14239;03.04.2013 16:15:00;98,16
14274;03.04.2013 17:54:00;98,19
14299;03.04.2013 19:07:00;98,21
14325;03.04.2013 20:32:00;98,19
14329;03.04.2013 20:40:00;98,1
14336;03.04.2013 20:59:00;98,04
14350;03.04.2013 21:43:00;98,02
14376;04.04.2013 10:00:00;98,02
14410;04.04.2013 11:23:00;98
14439;04.04.2013 12:25:00;97,74
14452;04.04.2013 12:51:00;97,46
14464;04.04.2013 13:21:00;97,12
14477;04.04.2013 13:57:00;96,74
14549;04.04.2013 17:34:00;97,03
14579;04.04.2013 18:38:00;96,87
14614;04.04.2013 21:46:00;96,83
14641;04.04.2013 23:14:00;96,81
14651;05.04.2013 10:00:00;96,81
14658;05.04.2013 10:10:00;96,78
14669;05.04.2013 10:56:00;96,71
14686;05.04.2013 11:24:00;96,6
14696;05.04.2013 11:44:00;96,41
14700;05.04.2013 11:54:00;96,31
14823;05.04.2013 17:00:00;96,5
14841;05.04.2013 17:38:00;96,51
14873;05.04.2013 18:42:00;96,46
14880;05.04.2013 19:28:00;96,47
14907;05.04.2013 21:57:00;96,64
14931;08.04.2013 10:00:00;96,64
14934;08.04.2013 10:09:00;96,72
14957;08.04.2013 11:28:00;96,59
15044;08.04.2013 18:22:00;96,69
15084;09.04.2013 10:00:00;96,69
15206;09.04.2013 17:08:00;96,67
15224;09.04.2013 18:14:00;96,68
15276;10.04.2013 10:00:00;96,68
15320;10.04.2013 12:08:00;96,73
15352;10.04.2013 13:53:00;96,59
15402;10.04.2013 16:57:00;96,49
15431;10.04.2013 19:04:00;96,38
15471;11.04.2013 10:00:00;96,38
15502;11.04.2013 11:34:00;96,25
15523;11.04.2013 12:22:00;96,9
15539;11.04.2013 13:20:00;97,52
15561;11.04.2013 14:44:00;97,92
15580;11.04.2013 15:43:00;98,3
15635;11.04.2013 19:03:00;98,34
15673;11.04.2013 23:43:00;98,32
15674;12.04.2013 10:00:00;98,32
15875;15.04.2013 10:00:00;98,32
16040;15.04.2013 16:31:00;99,08
16073;15.04.2013 18:05:00;100,08
16091;15.04.2013 18:43:00;99,99
16114;15.04.2013 20:09:00;100
16181;16.04.2013 10:00:00;100
16202;16.04.2013 10:45:00;99,96
16217;16.04.2013 11:17:00;99,78
16244;16.04.2013 12:06:00;100,56
16271;16.04.2013 13:05:00;101,34
16281;16.04.2013 13:30:00;101,31
16294;16.04.2013 13:59:00;102,02
16320;16.04.2013 15:28:00;101,91
16402;16.04.2013 18:40:00;101,86
16432;16.04.2013 20:43:00;101,83
16464;17.04.2013 10:00:00;101,83
16468;17.04.2013 10:08:00;101,7
16470;17.04.2013 10:11:00;101,82
16504;17.04.2013 11:22:00;101,83
16512;17.04.2013 11:33:00;101,48
16519;17.04.2013 11:42:00;101,15
16658;17.04.2013 16:40:00;101,23
16674;17.04.2013 17:20:00;101,61
16708;17.04.2013 18:37:00;102,03
16747;17.04.2013 20:28:00;102,3
16788;17.04.2013 22:41:00;102,3
16802;17.04.2013 23:22:00;102,22
16810;18.04.2013 10:00:00;102,22
16996;18.04.2013 17:37:00;102,45
17024;18.04.2013 18:23:00;102,65
17059;18.04.2013 19:58:00;102,91
17084;18.04.2013 21:44:00;102,97
17095;18.04.2013 22:25:00;103,2
17124;18.04.2013 23:49:00;103,45
17125;19.04.2013 10:00:00;103,45
17129;19.04.2013 10:11:00;103,12
17135;19.04.2013 10:18:00;103,53
17146;19.04.2013 11:01:00;103,41
17168;19.04.2013 11:43:00;103,23
17182;19.04.2013 12:08:00;103,28
17220;19.04.2013 13:26:00;103,05
17252;19.04.2013 14:47:00;102,96
17281;19.04.2013 15:56:00;102,83
17297;19.04.2013 16:24:00;102,84
17305;19.04.2013 16:42:00;102,82
17329;19.04.2013 17:33:00;102,76
17370;19.04.2013 19:20:00;102,77
17400;19.04.2013 21:38:00;102,73
17432;19.04.2013 23:40:00;102,68
17435;22.04.2013 10:00:00;102,68
17437;22.04.2013 10:10:00;102,5
17523;22.04.2013 14:06:00;101,94
17554;22.04.2013 15:10:00;101,68
17581;22.04.2013 16:27:00;101,47
17601;22.04.2013 17:13:00;101,31
17617;22.04.2013 17:39:00;101,07
17697;22.04.2013 23:08:00;101,41
17704;23.04.2013 10:00:00;101,41
17717;23.04.2013 10:32:00;101,23
17784;23.04.2013 12:33:00;101,02
17812;23.04.2013 13:44:00;101,31
17839;23.04.2013 14:40:00;101,52
17860;23.04.2013 15:32:00;101,57
17889;23.04.2013 16:52:00;101,57
18011;24.04.2013 10:00:00;101,57
18206;24.04.2013 19:01:00;102,12
18245;24.04.2013 22:04:00;102,89
18246;24.04.2013 22:09:00;102,85
18258;24.04.2013 23:15:00;102,81
18264;25.04.2013 10:00:00;102,81
18308;25.04.2013 11:41:00;102,77
18334;25.04.2013 12:52:00;102,56
18412;25.04.2013 16:30:00;102,5
18435;25.04.2013 17:17:00;102,26
18450;25.04.2013 17:41:00;102,66
18464;25.04.2013 18:04:00;102,9
18478;25.04.2013 18:32:00;103,15
18545;26.04.2013 10:00:00;103,15
18637;26.04.2013 13:14:00;103,68
18662;26.04.2013 14:12:00;103,88
18686;26.04.2013 15:23:00;103,98
18710;26.04.2013 16:41:00;104
18736;26.04.2013 17:50:00;103,98
18741;26.04.2013 18:01:00;104,03
18759;26.04.2013 18:33:00;103,89
18784;26.04.2013 19:53:00;103,63
18806;26.04.2013 21:18:00;103,47
18817;26.04.2013 21:59:00;103,39
18840;26.04.2013 23:31:00;103,42
18847;29.04.2013 10:02:00;103,42
18866;29.04.2013 10:35:00;103,31
18892;29.04.2013 11:34:00;103,12
18925;29.04.2013 12:42:00;103,1
18927;29.04.2013 12:45:00;103,08
18950;29.04.2013 13:48:00;102,87
18977;29.04.2013 15:07:00;102,71
18984;29.04.2013 15:27:00;102,73
18999;29.04.2013 16:07:00;102,66
19008;29.04.2013 16:30:00;102,62
19114;30.04.2013 10:00:00;102,62
19146;30.04.2013 11:08:00;102,75
19162;30.04.2013 11:39:00;102,64
19180;30.04.2013 12:10:00;102,55
19199;30.04.2013 13:09:00;102,34
19216;30.04.2013 13:58:00;102,1
19377;02.05.2013 10:00:00;102,1
19492;02.05.2013 14:21:00;103,22
19522;02.05.2013 16:09:00;103,18
19642;03.05.2013 10:00:00;103,18
19707;03.05.2013 12:23:00;103,27
19733;03.05.2013 14:09:00;104,45
19760;03.05.2013 15:59:00;105,41
19780;03.05.2013 16:51:00;105,19
19799;03.05.2013 17:17:00;104,94
19812;03.05.2013 17:50:00;104,53
19881;06.05.2013 10:00:00;104,53
19911;06.05.2013 11:07:00;104,64
19936;06.05.2013 12:10:00;104,79
19970;06.05.2013 13:14:00;104,72
20008;06.05.2013 15:23:00;105,9
20031;06.05.2013 16:50:00;105,8
20042;06.05.2013 17:31:00;105,79
20059;06.05.2013 18:07:00;106,91
20077;06.05.2013 19:15:00;106,87
20086;06.05.2013 20:17:00;106,78
20113;07.05.2013 10:00:00;106,78
20115;07.05.2013 10:05:00;106,63
20122;07.05.2013 10:16:00;106,68
20130;07.05.2013 10:46:00;106,63
20137;07.05.2013 11:01:00;106,58
20172;07.05.2013 12:16:00;106,41
20177;07.05.2013 12:28:00;106,22
20185;07.05.2013 12:59:00;106,03
20192;07.05.2013 13:26:00;105,82
20342;08.05.2013 10:01:00;105,58
20401;08.05.2013 12:36:00;105,98
20417;08.05.2013 13:15:00;106,33
20441;08.05.2013 14:45:00;106,62
20475;08.05.2013 17:05:00;106,94
20483;08.05.2013 17:42:00;106,95
20506;08.05.2013 18:38:00;106,67
20527;08.05.2013 21:26:00;106,39
20542;08.05.2013 22:46:00;106,22
20546;08.05.2013 23:24:00;106,76
20550;10.05.2013 10:00:00;106,76
20558;10.05.2013 10:24:00;106,9
20581;10.05.2013 11:26:00;106,98
20609;10.05.2013 13:09:00;106,76
20635;10.05.2013 15:16:00;106,49
20659;10.05.2013 16:28:00;106,14
20673;10.05.2013 17:05:00;105,85
20769;10.05.2013 23:47:00;106,15
20770;13.05.2013 10:00:00;106,15
20775;13.05.2013 10:06:00;105,88
20903;13.05.2013 16:35:00;105,83
20922;13.05.2013 17:20:00;106,16
20952;13.05.2013 18:21:00;106,43
20980;13.05.2013 20:26:00;106,54
21003;13.05.2013 23:17:00;106,54
21008;14.05.2013 10:00:00;106,54
21009;14.05.2013 10:01:00;106,69
21025;14.05.2013 10:38:00;106,52
21114;14.05.2013 13:42:00;106,52
21143;14.05.2013 15:03:00;106,56
21152;14.05.2013 15:22:00;106,5
21162;14.05.2013 15:47:00;106,6
21201;14.05.2013 17:38:00;106,67
21234;14.05.2013 19:45:00;106,57
21235;14.05.2013 19:48:00;106,64
21260;14.05.2013 23:00:00;106,64
21269;15.05.2013 10:00:00;106,64
21280;15.05.2013 10:23:00;106,8
21286;15.05.2013 10:45:00;106,79
21299;15.05.2013 11:10:00;106,64
21311;15.05.2013 11:34:00;106,47
21315;15.05.2013 11:42:00;106,27
21377;15.05.2013 15:00:00;106,31
21391;15.05.2013 15:46:00;106,17
21456;15.05.2013 19:15:00;105,98
21481;15.05.2013 21:57:00;105,87
21502;15.05.2013 23:16:00;105,78
21509;16.05.2013 10:01:00;105,78
21526;16.05.2013 10:35:00;105,64
21534;16.05.2013 10:57:00;105,84
21554;16.05.2013 11:46:00;105,69
21576;16.05.2013 12:47:00;105,73
21586;16.05.2013 13:07:00;105,53
21604;16.05.2013 13:55:00;105,51
21618;16.05.2013 14:42:00;105,45
21637;16.05.2013 15:42:00;105,29
21639;16.05.2013 15:46:00;105,31
21655;16.05.2013 16:35:00;105,38
21663;16.05.2013 16:52:00;105,32
21676;16.05.2013 17:31:00;105,11
21741;17.05.2013 10:00:00;105,11
21823;17.05.2013 13:37:00;105
21836;17.05.2013 14:17:00;104,9
21844;17.05.2013 14:31:00;104,65
21860;17.05.2013 15:22:00;104,46
21877;17.05.2013 15:46:00;104,13
21992;20.05.2013 10:00:00;104,13
22116;20.05.2013 15:36:00;104,6
22146;20.05.2013 16:44:00;105,2
22180;20.05.2013 17:57:00;105,61
22188;20.05.2013 18:11:00;105,52
22214;20.05.2013 20:20:00;105,35
22237;20.05.2013 22:57:00;105,27
22248;21.05.2013 10:00:00;105,27
22269;21.05.2013 10:39:00;105,3
22305;21.05.2013 12:03:00;105,21
22337;21.05.2013 13:40:00;105,16
22359;21.05.2013 14:40:00;105,12
22378;21.05.2013 15:46:00;105,06
22393;21.05.2013 16:18:00;104,84
22507;22.05.2013 10:00:00;104,84
22612;22.05.2013 13:31:00;105,38
22654;22.05.2013 15:17:00;106,09
22665;22.05.2013 15:54:00;105,92
22681;22.05.2013 16:32:00;105,88
22784;22.05.2013 21:32:00;105,84
22805;22.05.2013 22:21:00;105,73
22827;23.05.2013 10:00:00;105,73
22828;23.05.2013 10:01:00;105,87
22843;23.05.2013 10:25:00;106,48
22852;23.05.2013 10:44:00;107,04
23113;23.05.2013 22:35:00;107,83
23135;23.05.2013 23:49:00;108,58
23136;24.05.2013 10:02:00;108,58
23164;24.05.2013 10:56:00;108,95
23184;24.05.2013 11:33:00;108,89
23198;24.05.2013 12:05:00;108,58
23205;24.05.2013 12:17:00;108,11
23337;24.05.2013 16:52:00;108,62
23375;24.05.2013 17:55:00;109,09
23388;24.05.2013 18:17:00;109,02
23417;24.05.2013 20:17:00;109,1
23434;24.05.2013 22:14:00;109,21
23437;24.05.2013 22:34:00;109,13
23449;27.05.2013 10:01:00;109,13
23456;27.05.2013 10:14:00;109,01
23473;27.05.2013 10:53:00;109,74
23509;27.05.2013 12:17:00;109,73
23520;27.05.2013 12:42:00;110,56
23537;27.05.2013 13:17:00;110,44
23557;27.05.2013 13:59:00;110,2
23565;27.05.2013 14:14:00;109,93
23584;27.05.2013 14:59:00;109,83
23627;27.05.2013 16:48:00;110
23671;27.05.2013 20:57:00;110,04
23692;28.05.2013 10:00:00;110,04
23698;28.05.2013 10:13:00;109,76
23718;28.05.2013 11:04:00;109,39
23735;28.05.2013 11:43:00;108,99
23807;28.05.2013 15:18:00;109,36
23843;28.05.2013 17:36:00;109,7
23857;28.05.2013 18:17:00;109,68
23877;28.05.2013 19:30:00;109,46
23880;28.05.2013 19:38:00;109,41
23909;28.05.2013 21:55:00;109,22
23935;28.05.2013 23:25:00;108,91
23942;29.05.2013 10:02:00;108,91
24205;30.05.2013 10:00:00;108,91
24263;30.05.2013 12:11:00;109,51
24284;30.05.2013 13:03:00;110,56
24314;30.05.2013 14:12:00;110,21
24327;30.05.2013 14:37:00;110,92
24334;30.05.2013 14:50:00;110,87
24361;30.05.2013 15:50:00;111,47
24363;30.05.2013 15:55:00;111,58
24366;30.05.2013 16:00:00;111,36
24393;30.05.2013 16:50:00;111,28
24395;30.05.2013 16:52:00;111,28
24416;30.05.2013 17:37:00;111,12
24444;30.05.2013 18:20:00;111,07
24448;30.05.2013 18:31:00;111,09
24465;30.05.2013 19:31:00;111,18
24472;30.05.2013 20:01:00;110,96
24474;30.05.2013 20:05:00;111,51
24494;30.05.2013 21:16:00;111,32
24507;30.05.2013 22:07:00;111,24
24521;31.05.2013 10:00:00;111,24
24524;31.05.2013 10:05:00;111,11
24552;31.05.2013 10:58:00;111,08
24562;31.05.2013 11:17:00;110,97
24580;31.05.2013 11:40:00;110,53
24597;31.05.2013 12:17:00;110,17
24599;31.05.2013 12:19:00;109,76
24610;31.05.2013 12:45:00;109,35
24662;31.05.2013 14:37:00;109,53
24700;31.05.2013 16:19:00;109,46
24782;31.05.2013 19:16:00;109,38
24806;31.05.2013 20:33:00;109,29
24834;31.05.2013 22:26:00;109,33
24849;31.05.2013 23:22:00;109,09
24860;03.06.2013 10:00:00;109,09
24865;03.06.2013 10:06:00;108,75
24874;03.06.2013 10:19:00;108,46
24932;03.06.2013 11:45:00;108,26
24955;03.06.2013 12:15:00;107,99
24981;03.06.2013 13:06:00;107,56
25003;03.06.2013 13:47:00;107,43
25018;03.06.2013 14:13:00;107,08
25087;03.06.2013 16:34:00;107,18
25117;03.06.2013 17:34:00;107,26
25139;03.06.2013 18:05:00;107,2
25169;03.06.2013 19:13:00;107,1
25203;03.06.2013 21:02:00;106,83
25219;03.06.2013 22:27:00;106,9
25246;03.06.2013 23:47:00;106,76
25248;04.06.2013 10:00:00;106,76
25266;04.06.2013 10:38:00;106,47
25287;04.06.2013 11:15:00;106,09
25308;04.06.2013 12:02:00;105,72
25364;04.06.2013 13:54:00;105,93
25392;04.06.2013 14:49:00;105,83
25418;04.06.2013 15:45:00;105,63
25445;04.06.2013 16:51:00;105,36
25473;04.06.2013 17:49:00;105,08
25476;04.06.2013 17:52:00;105,22
25492;04.06.2013 18:23:00;105,06
25592;05.06.2013 10:00:00;105,06
25671;05.06.2013 12:25:00;105,03
25690;05.06.2013 13:07:00;105,16
25712;05.06.2013 13:50:00;105,19
25741;05.06.2013 14:47:00;105,52
25743;05.06.2013 14:53:00;105,25
25771;05.06.2013 16:12:00;105,07
25782;05.06.2013 16:31:00;105,42
25798;05.06.2013 17:08:00;105,24
25815;05.06.2013 17:44:00;105,27
25827;05.06.2013 18:15:00;105,23
25932;06.06.2013 10:00:00;105,23
25942;06.06.2013 10:16:00;105,35
25973;06.06.2013 11:28:00;105,53
26000;06.06.2013 12:23:00;105,58
26028;06.06.2013 13:24:00;105,68
26045;06.06.2013 13:59:00;105,7
26063;06.06.2013 14:36:00;105,78
26074;06.06.2013 15:10:00;105,73
26108;06.06.2013 16:19:00;105,65
26124;06.06.2013 16:52:00;105,69
26134;06.06.2013 17:11:00;105,52
26136;06.06.2013 17:14:00;105,35
26156;06.06.2013 17:51:00;105,22
26212;06.06.2013 20:02:00;105,23
26233;06.06.2013 21:01:00;105,26
26272;06.06.2013 22:50:00;105,1
26277;06.06.2013 23:06:00;105,04
26294;07.06.2013 10:00:00;105,04
26297;07.06.2013 10:08:00;104,98
26311;07.06.2013 10:40:00;104,74
26332;07.06.2013 11:26:00;104,56
26358;07.06.2013 12:18:00;104,52
26395;07.06.2013 13:29:00;104,55
26407;07.06.2013 13:50:00;104,36
26433;07.06.2013 14:54:00;104,3
26573;07.06.2013 21:00:00;104,53
26606;07.06.2013 23:03:00;104,79
26616;10.06.2013 10:00:00;104,79
26621;10.06.2013 10:11:00;104,44
26708;10.06.2013 14:08:00;103,99
26748;10.06.2013 15:46:00;103,73
26777;10.06.2013 16:42:00;103,98
26806;10.06.2013 17:57:00;104,31
26829;10.06.2013 19:00:00;104,63
26885;11.06.2013 10:00:00;104,63
26920;11.06.2013 11:18:00;105,06
26923;11.06.2013 11:22:00;104,93
27153;11.06.2013 19:46:00;105,32
27184;11.06.2013 21:20:00;106,15
27220;11.06.2013 23:05:00;106,7
27224;11.06.2013 23:13:00;106,66
27238;13.06.2013 10:00:00;106,66
27246;13.06.2013 10:10:00;106,07
27255;13.06.2013 10:20:00;105,52
27479;13.06.2013 17:54:00;106,19
27505;13.06.2013 19:01:00;106,41
27534;13.06.2013 21:01:00;106,48
27562;13.06.2013 22:38:00;107,71
27583;14.06.2013 10:01:00;107,71
27587;14.06.2013 10:08:00;108,73
27635;14.06.2013 11:23:00;108,65
27665;14.06.2013 12:23:00;108,8
27687;14.06.2013 13:08:00;108,7
27697;14.06.2013 13:22:00;108,68
27721;14.06.2013 14:30:00;108,72
27738;14.06.2013 15:15:00;108,6
27867;14.06.2013 20:39:00;108,84
27903;14.06.2013 22:20:00;109,12
27927;17.06.2013 10:00:00;109,12
27932;17.06.2013 10:09:00;108,91
27941;17.06.2013 10:22:00;108,59
28154;17.06.2013 18:08:00;108,85
28195;17.06.2013 21:46:00;108,78
28212;17.06.2013 22:28:00;108,96
28219;17.06.2013 22:43:00;108,79
28227;17.06.2013 23:01:00;109,21
28245;18.06.2013 10:01:00;109,21
28252;18.06.2013 10:14:00;109,9
28283;18.06.2013 11:33:00;109,62
28298;18.06.2013 11:56:00;109,28
28312;18.06.2013 12:21:00;108,98
28313;18.06.2013 12:23:00;108,74
28452;18.06.2013 18:31:00;108,82
28477;18.06.2013 19:46:00;108,74
28505;18.06.2013 21:11:00;108,77
28518;18.06.2013 21:44:00;108,75
28536;18.06.2013 22:46:00;108,81
28551;19.06.2013 10:02:00;108,81
28552;19.06.2013 10:04:00;108,74
28569;19.06.2013 10:50:00;108,54
28573;19.06.2013 10:56:00;109,07
28575;19.06.2013 10:58:00;108,77
28741;19.06.2013 17:46:00;109,08
28750;19.06.2013 18:04:00;109,12
28805;19.06.2013 21:59:00;109,1
28813;19.06.2013 22:12:00;109,04
28858;20.06.2013 10:00:00;109,04
28968;20.06.2013 13:24:00;109,48
29004;20.06.2013 14:29:00;110,47
29015;20.06.2013 14:46:00;110,23
29034;20.06.2013 15:15:00;110,34
29079;20.06.2013 16:56:00;110,29
29082;20.06.2013 17:02:00;110,26
29083;20.06.2013 17:03:00;110,24
29085;20.06.2013 17:05:00;110,22
29123;20.06.2013 18:16:00;110,26
29130;20.06.2013 18:28:00;110,25
29153;20.06.2013 19:25:00;110,28
29170;20.06.2013 20:04:00;110,14
29173;20.06.2013 20:10:00;111,05
29174;20.06.2013 20:11:00;110,95
29218;20.06.2013 22:27:00;110,73
29220;20.06.2013 22:31:00;110,46
29224;20.06.2013 22:39:00;110,09
29261;21.06.2013 10:00:00;110,09
29290;21.06.2013 10:48:00;109,83
29313;21.06.2013 11:37:00;109,39
29334;21.06.2013 12:17:00;109,18
29357;21.06.2013 12:59:00;110,18
29373;21.06.2013 13:31:00;110,29
29377;21.06.2013 13:42:00;110,97
29385;21.06.2013 13:56:00;110,95
29484;21.06.2013 18:01:00;110,99
29507;21.06.2013 18:38:00;110,83
29526;21.06.2013 19:27:00;110,65
29539;21.06.2013 19:49:00;110,3
29558;21.06.2013 20:21:00;109,94
29592;21.06.2013 21:23:00;110,04
29619;21.06.2013 22:20:00;109,94
29648;21.06.2013 23:47:00;109,66
29651;24.06.2013 10:00:00;109,66
29661;24.06.2013 10:12:00;109,36
29689;24.06.2013 10:54:00;109,06
29694;24.06.2013 11:02:00;108,96
29722;24.06.2013 12:00:00;108,8
29726;24.06.2013 12:07:00;108,84
29741;24.06.2013 12:31:00;108,85
29759;24.06.2013 13:10:00;108,9
29819;24.06.2013 16:00:00;108,89
29850;24.06.2013 17:11:00;108,8
29973;24.06.2013 22:05:00;109,08
30004;24.06.2013 23:32:00;109,38
30009;25.06.2013 10:00:00;109,38
30037;25.06.2013 10:59:00;109,62
30071;25.06.2013 12:05:00;109,95
30102;25.06.2013 13:14:00;110,04
30162;25.06.2013 15:46:00;110,15
30178;25.06.2013 16:22:00;110,22
30221;25.06.2013 17:38:00;110,22
30222;25.06.2013 17:39:00;110,15
30257;25.06.2013 18:44:00;110,13
30264;25.06.2013 19:14:00;110,02
30284;25.06.2013 20:14:00;110,05
30289;25.06.2013 20:58:00;109,95
30320;25.06.2013 23:39:00;109,86
30325;26.06.2013 10:00:00;109,86
30366;26.06.2013 11:36:00;109,8
30376;26.06.2013 11:52:00;109,69
30384;26.06.2013 12:04:00;109,32
30395;26.06.2013 12:22:00;108,96
30478;26.06.2013 16:40:00;109,16
30512;26.06.2013 17:41:00;108,86
30613;27.06.2013 10:00:00;108,86
30691;27.06.2013 12:15:00;109,05
30731;27.06.2013 13:41:00;109,77
30766;27.06.2013 15:14:00;110,1
30799;27.06.2013 16:41:00;110,4
30822;27.06.2013 17:20:00;110,64
30848;27.06.2013 18:17:00;110,59
30865;27.06.2013 19:03:00;110,5
30884;27.06.2013 19:46:00;110,36
30910;27.06.2013 20:44:00;110,25
30919;27.06.2013 21:00:00;110,27
30933;27.06.2013 21:57:00;110,07
30950;27.06.2013 22:54:00;110,08
30965;28.06.2013 10:00:00;110,08
31085;28.06.2013 14:18:00;110,1
31106;28.06.2013 15:02:00;109,93
31126;28.06.2013 15:36:00;109,91
31148;28.06.2013 16:23:00;109,85
31169;28.06.2013 17:05:00;109,7
31218;28.06.2013 18:42:00;109,64
31233;28.06.2013 19:24:00;109,42
31264;28.06.2013 21:07:00;109,35
31298;28.06.2013 23:20:00;109,2
31303;28.06.2013 23:45:00;109,14
31306;01.07.2013 10:01:00;109,14
31324;01.07.2013 10:38:00;109,11
31331;01.07.2013 10:59:00;108,82
31394;01.07.2013 13:31:00;108,91
31416;01.07.2013 14:11:00;108,75
31593;02.07.2013 10:00:00;108,75
31604;02.07.2013 10:24:00;108,86
31633;02.07.2013 11:32:00;109,33
31662;02.07.2013 12:46:00;109,6
31687;02.07.2013 13:43:00;109,82
31710;02.07.2013 14:55:00;109,9
31772;02.07.2013 17:16:00;110,06
31806;02.07.2013 18:29:00;110,27
31833;02.07.2013 20:31:00;110,23
31853;02.07.2013 22:05:00;110,05
31890;03.07.2013 10:01:00;110,05
32022;03.07.2013 16:28:00;110,26
32055;03.07.2013 17:45:00;110,41
32089;03.07.2013 19:17:00;110,67
32115;03.07.2013 20:27:00;110,86
32143;03.07.2013 23:06:00;111,02
32153;04.07.2013 10:01:00;111,02
32179;04.07.2013 11:04:00;111
32202;04.07.2013 12:06:00;110,9
32219;04.07.2013 12:54:00;110,78
32240;04.07.2013 14:15:00;110,51
32261;04.07.2013 15:05:00;110,33
32293;04.07.2013 16:43:00;110,4
32311;04.07.2013 17:10:00;110,05
32331;04.07.2013 17:49:00;109,84
32352;04.07.2013 18:42:00;109,47
32366;04.07.2013 20:12:00;109,2
32399;05.07.2013 10:00:00;109,2
32504;05.07.2013 14:24:00;109,39
32521;05.07.2013 14:56:00;109,2
32539;05.07.2013 15:56:00;109,1
32548;05.07.2013 16:29:00;109,07
32582;05.07.2013 17:41:00;108,91
32659;05.07.2013 22:27:00;109,03
32677;08.07.2013 10:00:00;109,03
32682;08.07.2013 10:07:00;108,9
32756;08.07.2013 13:23:00;108,84
32777;08.07.2013 14:17:00;108,64
32854;08.07.2013 18:07:00;108,51
32882;08.07.2013 19:34:00;108,71
32911;08.07.2013 21:34:00;108,84
32931;08.07.2013 23:30:00;109,1
32944;09.07.2013 10:00:00;109,1
32957;09.07.2013 10:35:00;109,08
33008;09.07.2013 12:48:00;109,01
33027;09.07.2013 13:42:00;108,87
33045;09.07.2013 14:37:00;108,74
33069;09.07.2013 15:58:00;108,63
33094;09.07.2013 17:09:00;108,43
33102;09.07.2013 17:31:00;108,44
33140;09.07.2013 19:11:00;108,35
33180;09.07.2013 22:08:00;108,29
33202;10.07.2013 10:00:00;108,29
33218;10.07.2013 10:32:00;108,27
33224;10.07.2013 10:44:00;108,27
33238;10.07.2013 11:22:00;108,16
33255;10.07.2013 12:13:00;108,12
33273;10.07.2013 12:58:00;107,92
33440;10.07.2013 23:32:00;108,23
33447;11.07.2013 10:00:00;108,23
33452;11.07.2013 10:08:00;108,03
33463;11.07.2013 10:37:00;107,91
33479;11.07.2013 11:18:00;107,58
33498;11.07.2013 12:12:00;107,44
33544;11.07.2013 14:31:00;107,86
33574;11.07.2013 16:00:00;107,57
33708;12.07.2013 10:00:00;107,57
33952;15.07.2013 10:00:00;107,57
34069;15.07.2013 13:52:00;108,83
34094;15.07.2013 14:53:00;110,3
34122;15.07.2013 16:10:00;111,5
34148;15.07.2013 17:27:00;111,37
34166;15.07.2013 18:06:00;112,92
34172;15.07.2013 18:17:00;112,74
34200;15.07.2013 21:35:00;112,59
34214;16.07.2013 10:00:00;112,59
34216;16.07.2013 10:03:00;112,58
34358;16.07.2013 15:52:00;112,7
34380;16.07.2013 16:52:00;112,79
34400;16.07.2013 17:41:00;112,69
34420;16.07.2013 18:30:00;112,54
34438;16.07.2013 19:40:00;113,83
34477;17.07.2013 10:01:00;113,83
34493;17.07.2013 10:48:00;114,09
34520;17.07.2013 11:57:00;114,09
34557;17.07.2013 13:09:00;114,2
34567;17.07.2013 13:35:00;114,15
34589;17.07.2013 14:50:00;113,89
34612;17.07.2013 15:42:00;113,76
34622;17.07.2013 16:09:00;113,62
34646;17.07.2013 16:53:00;113,51
34647;17.07.2013 16:55:00;113,21
34656;17.07.2013 17:09:00;113
34776;18.07.2013 10:00:00;113
34794;18.07.2013 10:35:00;113,26
34814;18.07.2013 11:16:00;113,38
34839;18.07.2013 12:07:00;113,32
34865;18.07.2013 12:54:00;113,08
34885;18.07.2013 13:21:00;112,64
35017;18.07.2013 19:00:00;113,19
35039;18.07.2013 19:59:00;113,04
35103;19.07.2013 10:00:00;113,04
35106;19.07.2013 10:04:00;112,93
35128;19.07.2013 10:51:00;113,43
35145;19.07.2013 11:16:00;113,84
35172;19.07.2013 12:29:00;113,89
35185;19.07.2013 13:06:00;113,94
35200;19.07.2013 13:34:00;113,82
35216;19.07.2013 14:18:00;113,7
35329;19.07.2013 17:58:00;114,08
35371;19.07.2013 19:33:00;114,41
35407;19.07.2013 22:40:00;114,72
35417;22.07.2013 10:00:00;114,72
35444;22.07.2013 10:55:00;115,04
35446;22.07.2013 11:00:00;115,32
35447;22.07.2013 11:01:00;115,32
35475;22.07.2013 11:47:00;115,36
35532;22.07.2013 14:08:00;115,4
35562;22.07.2013 15:18:00;115,37
35703;23.07.2013 10:00:00;115,37
35712;23.07.2013 10:28:00;115,49
35737;23.07.2013 11:32:00;115,85
35766;23.07.2013 12:30:00;116,15
35785;23.07.2013 13:10:00;116,18
35796;23.07.2013 13:50:00;116,41
35814;23.07.2013 14:39:00;116,52
35831;23.07.2013 15:21:00;116,66
35838;23.07.2013 15:40:00;116,69
35846;23.07.2013 16:08:00;116,69
35881;23.07.2013 17:49:00;116,59
35901;23.07.2013 18:27:00;116,14
35910;23.07.2013 19:01:00;115,78
35987;24.07.2013 10:00:00;115,78
36075;24.07.2013 13:00:00;116,24
36103;24.07.2013 14:11:00;116,15
36134;24.07.2013 15:33:00;116,5
36136;24.07.2013 15:37:00;116,23
36154;24.07.2013 16:17:00;116,36
36172;24.07.2013 17:04:00;116,34
36205;24.07.2013 18:13:00;116,07
36220;24.07.2013 18:44:00;116,14
36232;24.07.2013 19:32:00;116,05
36260;24.07.2013 22:03:00;115,96
36262;24.07.2013 22:06:00;115,77
36290;25.07.2013 10:00:00;115,77
36292;25.07.2013 10:06:00;115,87
36293;25.07.2013 10:09:00;115,73
36317;25.07.2013 10:49:00;115,68
36319;25.07.2013 10:53:00;115,77
36331;25.07.2013 11:16:00;115,66
36338;25.07.2013 11:29:00;115,76
36354;25.07.2013 12:06:00;115,81
36357;25.07.2013 12:13:00;115,82
36365;25.07.2013 12:27:00;115,84
36375;25.07.2013 12:54:00;115,75
36386;25.07.2013 13:17:00;115,65
36389;25.07.2013 13:21:00;115,53
36472;25.07.2013 16:30:00;115,6
36496;25.07.2013 17:31:00;115,54
36517;25.07.2013 18:10:00;115,56
36531;25.07.2013 18:39:00;115,4
36535;25.07.2013 19:00:00;115,38
36560;25.07.2013 20:18:00;115,37
36572;25.07.2013 20:56:00;115,29
36579;25.07.2013 21:20:00;115,27
36593;25.07.2013 22:13:00;115,23
36602;25.07.2013 22:50:00;115,15
36610;25.07.2013 23:24:00;115,21
36615;25.07.2013 23:36:00;115,15
36618;25.07.2013 23:48:00;115,25
36619;26.07.2013 10:00:00;115,25
36631;26.07.2013 10:23:00;115,2
36645;26.07.2013 11:10:00;115,11
36666;26.07.2013 11:57:00;114,86
36667;26.07.2013 11:58:00;114,62
36686;26.07.2013 12:42:00;114,32
36688;26.07.2013 12:45:00;114,02
36692;26.07.2013 12:53:00;113,77
36757;26.07.2013 17:06:00;113,78
36790;26.07.2013 19:00:00;113,63
36859;29.07.2013 10:00:00;113,63
36862;29.07.2013 10:03:00;113,56
36898;29.07.2013 11:34:00;113,52
36913;29.07.2013 12:11:00;113,51
36928;29.07.2013 12:58:00;113,56
36937;29.07.2013 13:33:00;113,61
36941;29.07.2013 13:45:00;113,45
36956;29.07.2013 14:31:00;113,38
36961;29.07.2013 14:41:00;113,34
36978;29.07.2013 15:35:00;113,41
36990;29.07.2013 16:18:00;113,43
36997;29.07.2013 16:51:00;113,43
37009;29.07.2013 17:20:00;113,41
37111;30.07.2013 10:00:00;113,41
37113;30.07.2013 10:02:00;113,45
37139;30.07.2013 11:24:00;113,45
37181;30.07.2013 13:28:00;113,29
37200;30.07.2013 14:18:00;113,1
37206;30.07.2013 14:35:00;113,21
37223;30.07.2013 15:38:00;113,16
37259;30.07.2013 17:40:00;113,02
37305;30.07.2013 20:08:00;113
37317;30.07.2013 20:45:00;112,87
37335;30.07.2013 22:04:00;112,86
37353;30.07.2013 23:23:00;112,85
37360;31.07.2013 10:00:00;112,85
37367;31.07.2013 10:10:00;112,79
37379;31.07.2013 10:30:00;112,82
37407;31.07.2013 11:52:00;112,64
37413;31.07.2013 12:04:00;112,43
37415;31.07.2013 12:12:00;112,49
37433;31.07.2013 12:59:00;112,45
37484;31.07.2013 15:03:00;112,63
37521;31.07.2013 16:34:00;112,57
37564;31.07.2013 17:59:00;112,64
37566;31.07.2013 18:01:00;112,51
37585;31.07.2013 18:43:00;112,35
37612;31.07.2013 20:34:00;112,39
37679;01.08.2013 10:00:00;112,39
37931;02.08.2013 10:01:00;112,39
37985;02.08.2013 12:11:00;112,78
38006;02.08.2013 13:05:00;113,03
38023;02.08.2013 13:57:00;113,27
38045;02.08.2013 15:09:00;113,61
38065;02.08.2013 16:05:00;113,81
38135;02.08.2013 18:19:00;113,79
38141;02.08.2013 18:30:00;113,54
38164;02.08.2013 20:00:00;113,37
38190;02.08.2013 23:48:00;113,23
38192;05.08.2013 10:00:00;113,23
38223;05.08.2013 11:02:00;113,2
38225;05.08.2013 11:06:00;113,07
38266;05.08.2013 13:18:00;112,99
38270;05.08.2013 13:26:00;112,9
38298;05.08.2013 14:40:00;112,76
38299;05.08.2013 14:42:00;112,6
38336;05.08.2013 16:59:00;112,52
38364;05.08.2013 18:03:00;112,35
38436;06.08.2013 10:00:00;112,35
38692;07.08.2013 10:00:00;112,35
38751;07.08.2013 12:29:00;112,78
38771;07.08.2013 13:31:00;113,26
38797;07.08.2013 14:36:00;113,51
38822;07.08.2013 16:01:00;113,96
38847;07.08.2013 17:27:00;113,85
38855;07.08.2013 17:44:00;114,11
38868;07.08.2013 18:11:00;113,94
38897;07.08.2013 19:36:00;113,78
38919;07.08.2013 21:29:00;113,7
38938;07.08.2013 23:03:00;113,67
38942;07.08.2013 23:18:00;113,6
38951;08.08.2013 10:00:00;113,6
38966;08.08.2013 10:37:00;113,42
39004;08.08.2013 12:00:00;113,1
39014;08.08.2013 12:16:00;112,81
39089;08.08.2013 15:26:00;112,59
39123;08.08.2013 16:59:00;112,59
39157;08.08.2013 18:23:00;112,68
39180;08.08.2013 19:28:00;112,68
39193;08.08.2013 20:05:00;112,76
39202;08.08.2013 20:44:00;112,73
39221;08.08.2013 22:14:00;112,76
39243;09.08.2013 10:00:00;112,76
39339;09.08.2013 14:05:00;112,76
39369;09.08.2013 15:36:00;112,95
39370;09.08.2013 15:39:00;112,85
39376;09.08.2013 16:07:00;112,8
39509;12.08.2013 10:00:00;112,8
39538;12.08.2013 10:53:00;112,96
39575;12.08.2013 12:19:00;113,13
39599;12.08.2013 13:35:00;113,34
39628;12.08.2013 15:06:00;113,51
39657;12.08.2013 16:34:00;113,59
39680;12.08.2013 17:40:00;113,54
39702;12.08.2013 18:28:00;113,4
39714;12.08.2013 19:29:00;113,11
39734;12.08.2013 21:00:00;112,79
39749;12.08.2013 23:17:00;112,45
39759;13.08.2013 10:00:00;112,45
39879;13.08.2013 17:51:00;112,88
39909;13.08.2013 19:06:00;113,13
39944;13.08.2013 21:34:00;113,03
39962;13.08.2013 23:33:00;113,27
39968;14.08.2013 10:00:00;113,27
39969;14.08.2013 10:01:00;113,13
39991;14.08.2013 10:53:00;113,09
40024;14.08.2013 12:34:00;112,99
40051;14.08.2013 14:17:00;112,9
40081;14.08.2013 16:05:00;112,8
40091;14.08.2013 16:45:00;112,76
40108;14.08.2013 18:01:00;112,57
40124;14.08.2013 19:22:00;112,5
40160;15.08.2013 10:00:00;112,5
40163;15.08.2013 10:06:00;112,48
40185;15.08.2013 11:06:00;112,25
40200;15.08.2013 11:43:00;112,36
40204;15.08.2013 11:50:00;112,17
40211;15.08.2013 12:26:00;112,34
40418;15.08.2013 23:09:00;112,8
40430;16.08.2013 10:00:00;112,8
40451;16.08.2013 10:53:00;112,73
40695;19.08.2013 10:00:00;112,73
40722;19.08.2013 11:04:00;113,14
40752;19.08.2013 12:02:00;113,92
40767;19.08.2013 12:41:00;113,87
40783;19.08.2013 13:31:00;114,5
40787;19.08.2013 13:39:00;114,47
40794;19.08.2013 13:56:00;114,39
40804;19.08.2013 14:19:00;114,29
40813;19.08.2013 14:41:00;114,32
40814;19.08.2013 14:47:00;114,25
40820;19.08.2013 15:00:00;114,18
40827;19.08.2013 15:17:00;114,16
40842;19.08.2013 15:51:00;114,12
40851;19.08.2013 16:19:00;114,14
40868;19.08.2013 17:19:00;114,07
40869;19.08.2013 17:24:00;114,82
40876;19.08.2013 17:45:00;114,79
40895;19.08.2013 18:22:00;115,58
40897;19.08.2013 18:24:00;115,57
40910;19.08.2013 19:19:00;115,44
40964;20.08.2013 10:00:00;115,44
41084;20.08.2013 15:15:00;115,78
41126;20.08.2013 17:31:00;115,69
41186;20.08.2013 21:12:00;115,65
41214;21.08.2013 10:00:00;115,65
41217;21.08.2013 10:03:00;116,14
41241;21.08.2013 10:47:00;116,44
41249;21.08.2013 11:00:00;116,76
41282;21.08.2013 12:07:00;116,46
41284;21.08.2013 12:12:00;116,14
41285;21.08.2013 12:14:00;115,65
41289;21.08.2013 12:20:00;115,29
41463;21.08.2013 20:43:00;115,37
41498;21.08.2013 22:33:00;115,33
41513;21.08.2013 23:02:00;115,33
41535;22.08.2013 10:00:00;115,33
41543;22.08.2013 10:31:00;115,41
41559;22.08.2013 11:08:00;115,43
41576;22.08.2013 11:36:00;116,05
41588;22.08.2013 11:56:00;115,95
41778;22.08.2013 20:51:00;116,17
41813;22.08.2013 23:16:00;116,1
41824;23.08.2013 10:00:00;116,1
41840;23.08.2013 10:36:00;116,52
41845;23.08.2013 10:43:00;116,46
41939;23.08.2013 14:46:00;116,43
41958;23.08.2013 15:41:00;116,29
41987;23.08.2013 17:00:00;116,55
42007;23.08.2013 17:55:00;116,57
42012;23.08.2013 18:06:00;116,52
42013;23.08.2013 18:08:00;116,92
42038;23.08.2013 19:18:00;117,14
42085;23.08.2013 22:38:00;117,05
42097;26.08.2013 10:00:00;117,05
42103;26.08.2013 10:12:00;116,92
42113;26.08.2013 10:32:00;116,79
42140;26.08.2013 11:45:00;116,73
42163;26.08.2013 12:36:00;116,67
42185;26.08.2013 13:26:00;116,44
42194;26.08.2013 13:51:00;116,45
42207;26.08.2013 14:39:00;116,16
42211;26.08.2013 14:47:00;115,98
42214;26.08.2013 14:57:00;115,74
42297;26.08.2013 19:04:00;115,88
42340;26.08.2013 22:36:00;115,78
42357;27.08.2013 10:00:00;115,78
42564;27.08.2013 19:34:00;116,02
42612;27.08.2013 23:09:00;115,92
42623;27.08.2013 23:40:00;116,47
42629;28.08.2013 10:00:00;116,47
42631;28.08.2013 10:05:00;116,49
42718;28.08.2013 12:53:00;116,49
42745;28.08.2013 13:58:00;116,61
42762;28.08.2013 14:24:00;116,44
42764;28.08.2013 14:26:00;116,27
42835;28.08.2013 17:16:00;116,32
42872;28.08.2013 18:14:00;116,16
42911;28.08.2013 20:25:00;116,6
42953;28.08.2013 22:56:00;117,12
42975;28.08.2013 23:49:00;117,27
42976;29.08.2013 10:00:00;117,27
42987;29.08.2013 10:22:00;117,59
42988;29.08.2013 10:23:00;117,46
43073;29.08.2013 13:18:00;117,46
43106;29.08.2013 14:46:00;117,44
43148;29.08.2013 16:33:00;117,57
43154;29.08.2013 16:49:00;117,6
43181;29.08.2013 17:51:00;117,72
43188;29.08.2013 18:06:00;117,61
43197;29.08.2013 18:31:00;117,56
43212;29.08.2013 19:38:00;117,52
43220;29.08.2013 20:10:00;117,54
43232;29.08.2013 21:15:00;117,54
43258;29.08.2013 23:07:00;117,44
43265;29.08.2013 23:28:00;117,4
43268;29.08.2013 23:32:00;117,43
43273;30.08.2013 10:00:00;117,43
43292;30.08.2013 10:46:00;117,37
43529;02.09.2013 10:00:00;117,37
43531;02.09.2013 10:07:00;117,65
43553;02.09.2013 11:03:00;117,84
43573;02.09.2013 11:46:00;117,86
43594;02.09.2013 12:34:00;117,94
43613;02.09.2013 13:24:00;118
43692;02.09.2013 19:54:00;118,25
43727;02.09.2013 23:40:00;118,47
43729;03.09.2013 10:00:00;118,47
43734;03.09.2013 10:17:00;118,22
43828;03.09.2013 13:42:00;117,98
43861;03.09.2013 15:09:00;117,96
43892;03.09.2013 16:22:00;118,08
43933;03.09.2013 17:55:00;118,02
43940;03.09.2013 18:16:00;118,23
43952;03.09.2013 19:03:00;118,2
43985;03.09.2013 21:11:00;118,14
43986;03.09.2013 21:13:00;117,99
43992;03.09.2013 21:49:00;118,05
44013;04.09.2013 10:00:00;118,05
44014;04.09.2013 10:03:00;117,98
44026;04.09.2013 10:41:00;118,06
44029;04.09.2013 10:50:00;117,97
44035;04.09.2013 11:04:00;117,88
44110;04.09.2013 14:47:00;117,88
44142;04.09.2013 16:27:00;117,95
44172;04.09.2013 17:52:00;117,88
44197;04.09.2013 19:06:00;117,62
44220;04.09.2013 20:41:00;117,46
44244;05.09.2013 10:02:00;117,46
44341;05.09.2013 13:34:00;117,62
44372;05.09.2013 14:35:00;117,93
44389;05.09.2013 15:15:00;117,81
44395;05.09.2013 15:29:00;117,83
44399;05.09.2013 15:48:00;117,82
44422;05.09.2013 16:47:00;117,73
44542;06.09.2013 10:00:00;117,73
44559;06.09.2013 10:31:00;118,1
44594;06.09.2013 11:33:00;118,47
44631;06.09.2013 13:02:00;118,94
44662;06.09.2013 14:23:00;119,3
44701;06.09.2013 15:44:00;119,22
44706;06.09.2013 15:55:00;119,75
44724;06.09.2013 16:27:00;119,61
44739;06.09.2013 16:53:00;119,08
44754;06.09.2013 17:16:00;118,44
44763;06.09.2013 17:30:00;118,08
44802;06.09.2013 18:15:00;118,04
44827;06.09.2013 19:26:00;117,97
44857;06.09.2013 21:28:00;117,67
44871;06.09.2013 22:16:00;117,57
44888;06.09.2013 23:33:00;117,17
44894;09.09.2013 10:00:00;117,17
44912;09.09.2013 10:27:00;116,97
44932;09.09.2013 11:12:00;116,72
44948;09.09.2013 11:35:00;116,44
44961;09.09.2013 11:51:00;116,25
44973;09.09.2013 12:08:00;115,91
45050;09.09.2013 14:40:00;116,11
45076;09.09.2013 15:42:00;116,16
45107;09.09.2013 17:07:00;116,11
45120;09.09.2013 17:30:00;115,96
45147;09.09.2013 18:19:00;115,75
45164;09.09.2013 19:35:00;115,57
45235;10.09.2013 10:00:00;115,57
45430;10.09.2013 16:54:00;116,27
45464;10.09.2013 18:01:00;117
45484;10.09.2013 19:29:00;116,84
45501;10.09.2013 21:03:00;116,77
45521;11.09.2013 10:00:00;116,77
45547;11.09.2013 10:44:00;116,75
45578;11.09.2013 11:46:00;116,71
45613;11.09.2013 13:04:00;116,5
45614;11.09.2013 13:06:00;116,33
45634;11.09.2013 14:04:00;116,8
45637;11.09.2013 14:12:00;117,51
45656;11.09.2013 15:15:00;118,26
45762;12.09.2013 10:00:00;118,26
45774;12.09.2013 10:24:00;118,27
45804;12.09.2013 11:38:00;118,1
45916;12.09.2013 15:47:00;118,17
45948;12.09.2013 17:10:00;118,41
45976;12.09.2013 18:07:00;118,58
46006;12.09.2013 19:25:00;118,72
46034;12.09.2013 21:09:00;118,84
46065;13.09.2013 10:00:00;118,84
46070;13.09.2013 10:11:00;118,9
46091;13.09.2013 10:59:00;118,95
46129;13.09.2013 12:14:00;118,94
46160;13.09.2013 13:25:00;118,9
46197;13.09.2013 15:32:00;118,86
46199;13.09.2013 15:41:00;118,81
46210;13.09.2013 16:23:00;118,79
46220;13.09.2013 16:45:00;118,68
46223;13.09.2013 16:54:00;118,65
46224;13.09.2013 16:55:00;118,57
46226;13.09.2013 17:04:00;118,54
46233;13.09.2013 17:33:00;118,52
46253;13.09.2013 18:27:00;118,42
46256;13.09.2013 18:39:00;118,14
46260;13.09.2013 19:11:00;117,86
46268;13.09.2013 19:42:00;117,65
46282;13.09.2013 21:00:00;117,45
46316;16.09.2013 10:00:00;117,45
46544;17.09.2013 10:00:00;117,45
46558;17.09.2013 10:46:00;118
46587;17.09.2013 12:04:00;118,7
46615;17.09.2013 13:15:00;118,59
46648;17.09.2013 15:42:00;119,82
46661;17.09.2013 16:19:00;119,75
46682;17.09.2013 17:33:00;119,72
46692;17.09.2013 18:07:00;119,62
46742;18.09.2013 10:00:00;119,62
46885;18.09.2013 17:35:00;120,02
46913;18.09.2013 19:09:00;120,2
46946;18.09.2013 21:48:00;120,4
46959;18.09.2013 22:12:00;120,09
46970;18.09.2013 22:33:00;119,58
47014;19.09.2013 10:00:00;119,23
47098;19.09.2013 12:57:00;119,54
47127;19.09.2013 13:59:00;119,89
47157;19.09.2013 15:25:00;119,91
47172;19.09.2013 16:10:00;120,11
47192;19.09.2013 17:18:00;120,14
47202;19.09.2013 17:49:00;120,13
47209;19.09.2013 18:00:00;120,06
47215;19.09.2013 18:13:00;120,95
47248;19.09.2013 20:04:00;122,3
47295;20.09.2013 10:00:00;122,3
47378;20.09.2013 14:37:00;122,39
47387;20.09.2013 15:20:00;122,42
47411;20.09.2013 16:35:00;122,51
47441;20.09.2013 18:05:00;122,53
47476;20.09.2013 20:09:00;122,5
47477;20.09.2013 20:11:00;122,46
47505;20.09.2013 22:27:00;122,35
47518;23.09.2013 10:00:00;122,35
47540;23.09.2013 11:08:00;122,26
47568;23.09.2013 12:35:00;122,16
47589;23.09.2013 14:13:00;122,03
47703;24.09.2013 10:00:00;122,03
47715;24.09.2013 10:37:00;122,27
47732;24.09.2013 11:40:00;122,2
47853;24.09.2013 19:13:00;122,2
47870;24.09.2013 20:53:00;122,17
47891;24.09.2013 22:50:00;122,16
47901;25.09.2013 10:01:00;122,16
47985;25.09.2013 14:40:00;121,81
48001;25.09.2013 15:19:00;122,08
48004;25.09.2013 15:26:00;122,21
48015;25.09.2013 16:03:00;122,16
48138;26.09.2013 10:00:00;122,16
48194;26.09.2013 12:38:00;122,2
48208;26.09.2013 13:09:00;122,15
48214;26.09.2013 13:27:00;122,09
48237;26.09.2013 14:47:00;122,08
48271;26.09.2013 17:06:00;121,99
48275;26.09.2013 17:30:00;122,02
48312;26.09.2013 19:13:00;122
48339;26.09.2013 21:40:00;121,96
48363;26.09.2013 23:37:00;122
48369;27.09.2013 10:00:00;122
48376;27.09.2013 10:17:00;122,01
48377;27.09.2013 10:18:00;122
48540;27.09.2013 17:27:00;122,44
48541;27.09.2013 17:31:00;122,41
48617;30.09.2013 10:00:00;122,41
48775;30.09.2013 20:43:00;122,84
48804;30.09.2013 23:34:00;123,82
48808;01.10.2013 10:00:00;123,82
48827;01.10.2013 10:40:00;124,39
48853;01.10.2013 11:30:00;125,14
48877;01.10.2013 12:31:00;125,75
48989;01.10.2013 18:00:00;126
49009;01.10.2013 19:07:00;125,84
49067;02.10.2013 10:00:00;125,84
49084;02.10.2013 10:47:00;125,63
49105;02.10.2013 11:30:00;125,76
49122;02.10.2013 12:24:00;125,68
49141;02.10.2013 13:46:00;125,69
49159;02.10.2013 14:55:00;125,52
49262;02.10.2013 21:25:00;125,6
49285;02.10.2013 22:55:00;125,58
49295;03.10.2013 10:00:00;125,58
49309;03.10.2013 10:35:00;125,57
49331;03.10.2013 11:34:00;125,46
49337;03.10.2013 11:51:00;125,58
49363;03.10.2013 13:43:00;125,43
49376;03.10.2013 14:28:00;125,51
49391;03.10.2013 15:20:00;125,43
49416;03.10.2013 17:02:00;125,25
49435;03.10.2013 17:50:00;125,13
49463;03.10.2013 19:39:00;125,15
49467;03.10.2013 19:49:00;125,15
49474;03.10.2013 20:08:00;124,94
49499;03.10.2013 21:45:00;124,91
49504;03.10.2013 22:03:00;124,96
49525;03.10.2013 23:35:00;124,84
49529;04.10.2013 10:00:00;124,84
49536;04.10.2013 10:21:00;124,86
49557;04.10.2013 11:15:00;124,75
49566;04.10.2013 11:55:00;124,67
49572;04.10.2013 12:20:00;124,73
49573;04.10.2013 12:31:00;124,78
49594;04.10.2013 13:43:00;124,63
49595;04.10.2013 13:45:00;124,54
49602;04.10.2013 13:59:00;124,37
49743;07.10.2013 10:00:00;124,23
49761;07.10.2013 10:55:00;124,53
49787;07.10.2013 12:01:00;124,81
49819;07.10.2013 13:53:00;125,04
49842;07.10.2013 15:45:00;125,01
49856;07.10.2013 16:23:00;125,42
49877;07.10.2013 17:47:00;125,26
49906;07.10.2013 19:02:00;125,13
49907;07.10.2013 19:07:00;125,59
49930;07.10.2013 21:44:00;125,51
49942;07.10.2013 23:43:00;125,56
49945;08.10.2013 10:01:00;125,56
50019;08.10.2013 12:39:00;125,67
50044;08.10.2013 13:44:00;125,75
50073;08.10.2013 14:50:00;125,53
50077;08.10.2013 14:55:00;125,22
50192;08.10.2013 22:49:00;125,28
50202;09.10.2013 10:00:00;125,28
50224;09.10.2013 10:55:00;125,41
50241;09.10.2013 11:30:00;125,22
50252;09.10.2013 11:51:00;124,96
50321;09.10.2013 15:42:00;124,84
50345;09.10.2013 16:30:00;124,53
50369;09.10.2013 17:41:00;124,7
50384;09.10.2013 18:13:00;124,94
50404;09.10.2013 19:10:00;125,27
50428;09.10.2013 21:01:00;125,3
50456;09.10.2013 23:48:00;125,25
50457;10.10.2013 10:00:00;125,25
50485;10.10.2013 11:26:00;125,06
50510;10.10.2013 12:29:00;124,65
50531;10.10.2013 13:19:00;124,23
50674;10.10.2013 20:18:00;124,71
50702;10.10.2013 23:14:00;125,22
50711;11.10.2013 10:01:00;125,22
50732;11.10.2013 10:50:00;125,18
50735;11.10.2013 11:00:00;125,49
50753;11.10.2013 11:50:00;125,29
50761;11.10.2013 12:00:00;125,51
50801;11.10.2013 14:30:00;125,38
50812;11.10.2013 15:26:00;125,44
50829;11.10.2013 16:16:00;125,57
50833;11.10.2013 16:26:00;125,46
50838;11.10.2013 16:42:00;125,45
50927;11.10.2013 23:47:00;125,43
50929;14.10.2013 10:00:00;125,43
50935;14.10.2013 10:17:00;125,21
51021;14.10.2013 14:32:00;125,21
51061;14.10.2013 17:15:00;125,42
51093;14.10.2013 19:36:00;125,52
51112;14.10.2013 21:00:00;125,58
51132;14.10.2013 22:37:00;125,51
51149;15.10.2013 10:00:00;125,51
51222;15.10.2013 13:38:00;125,94
51264;15.10.2013 16:47:00;125,89
51353;15.10.2013 21:40:00;125,86
51380;15.10.2013 23:18:00;126,26
51386;16.10.2013 10:00:00;126,26
51405;16.10.2013 11:03:00;126,44
51430;16.10.2013 12:05:00;126,34
51452;16.10.2013 13:20:00;126,19
51457;16.10.2013 13:40:00;126,47
51487;16.10.2013 15:22:00;126,46
51488;16.10.2013 15:24:00;126,33
51490;16.10.2013 15:26:00;126,46
51517;16.10.2013 16:56:00;126,37
51526;16.10.2013 17:44:00;126,53
51539;16.10.2013 18:21:00;126,53
51543;16.10.2013 18:40:00;126,52
51593;17.10.2013 10:00:00;126,52
51725;17.10.2013 16:50:00;126,82
51756;17.10.2013 18:08:00;127,1
51787;17.10.2013 21:03:00;127,24
51814;18.10.2013 10:00:00;127,24
51817;18.10.2013 10:07:00;127,21
51844;18.10.2013 11:30:00;127,18
52021;21.10.2013 10:00:00;127,18
52097;21.10.2013 14:33:00;127,72
52128;21.10.2013 16:54:00;128,34
52145;21.10.2013 17:50:00;128,26
52160;21.10.2013 18:41:00;128,67
52178;21.10.2013 20:59:00;128,67
52193;21.10.2013 23:16:00;128,66
52194;21.10.2013 23:25:00;128,64
52195;21.10.2013 23:33:00;128,94
52200;22.10.2013 10:01:00;128,94
52218;22.10.2013 10:50:00;128,97
52221;22.10.2013 11:02:00;128,96
52241;22.10.2013 12:07:00;128,92
52254;22.10.2013 13:20:00;128,91
52275;22.10.2013 15:20:00;128,98
52331;22.10.2013 18:16:00;128,88
52353;22.10.2013 20:37:00;128,91
52378;22.10.2013 23:47:00;128,9
52380;23.10.2013 10:00:00;128,9
52388;23.10.2013 10:20:00;128,66
52410;23.10.2013 11:51:00;128,44
52413;23.10.2013 12:00:00;128,2
52539;24.10.2013 10:00:00;128,2
52576;24.10.2013 11:36:00;128,64
52583;24.10.2013 11:54:00;128,56
52639;24.10.2013 15:09:00;128,3
52657;24.10.2013 16:25:00;128,61
52690;24.10.2013 18:07:00;128,39
52691;24.10.2013 18:11:00;128,68
52719;24.10.2013 20:43:00;128,59
52729;24.10.2013 21:51:00;129,16
52734;24.10.2013 22:50:00;129,21
52740;25.10.2013 10:00:00;129,21
52748;25.10.2013 10:12:00;129,05
52815;25.10.2013 13:38:00;128,96
52837;25.10.2013 14:38:00;129
52859;25.10.2013 16:35:00;128,99
52887;25.10.2013 18:12:00;128,8
52903;25.10.2013 19:30:00;128,75
52916;28.10.2013 10:00:00;128,75
52918;28.10.2013 10:06:00;128,99
52921;28.10.2013 10:13:00;128,77
52993;28.10.2013 14:26:00;128,61
53015;28.10.2013 15:37:00;128,58
53035;28.10.2013 16:48:00;128,51
53054;28.10.2013 18:04:00;128,44
53081;28.10.2013 21:37:00;128,19
53094;29.10.2013 10:00:00;128,19
53098;29.10.2013 10:12:00;128,3
53109;29.10.2013 10:46:00;128,27
53171;29.10.2013 14:33:00;128,29
53197;29.10.2013 16:20:00;128,25
53215;29.10.2013 17:04:00;128,15
53237;29.10.2013 18:01:00;128,09
53267;29.10.2013 21:03:00;128,11
53272;29.10.2013 21:26:00;128,17
53285;30.10.2013 10:00:00;128,17
53288;30.10.2013 10:23:00;128,17
53317;30.10.2013 11:57:00;128
53330;30.10.2013 12:20:00;127,81
53404;30.10.2013 17:48:00;127,75
53430;30.10.2013 19:35:00;127,54
53455;30.10.2013 22:16:00;127,34
53474;30.10.2013 23:16:00;127,14
53481;31.10.2013 10:00:00;127,14
53490;31.10.2013 10:29:00;127,09
53573;31.10.2013 15:54:00;127,29
53594;31.10.2013 17:23:00;127,27
53622;31.10.2013 18:32:00;127,23
53653;31.10.2013 21:34:00;127,14
53660;31.10.2013 22:47:00;127,26
53669;01.11.2013 10:00:00;127,26
53682;01.11.2013 10:32:00;127,32
53689;01.11.2013 11:09:00;127,25
53847;01.11.2013 23:45:00;127,44
53849;05.11.2013 10:00:00;127,44
53855;05.11.2013 10:15:00;127,33
53916;05.11.2013 13:46:00;127,11
53929;05.11.2013 14:32:00;127,03
53944;05.11.2013 15:44:00;127,03
53953;05.11.2013 16:26:00;126,97
53977;05.11.2013 18:24:00;126,9
54017;06.11.2013 10:00:00;126,9
54049;06.11.2013 12:14:00;126,98
54085;06.11.2013 14:06:00;127,01
54100;06.11.2013 14:44:00;126,96
54115;06.11.2013 15:49:00;126,93
54116;06.11.2013 15:51:00;126,95
54158;06.11.2013 20:05:00;126,86
54163;06.11.2013 20:50:00;126,79
54178;07.11.2013 10:00:00;126,79
54191;07.11.2013 10:44:00;126,73
54240;07.11.2013 14:54:00;126,7
54264;07.11.2013 16:47:00;126,42
54271;07.11.2013 17:02:00;126,16
54274;07.11.2013 17:11:00;125,89
54280;07.11.2013 17:30:00;125,65
54333;07.11.2013 20:18:00;125,6
54357;07.11.2013 23:03:00;125,24
54365;08.11.2013 10:02:00;125,24
54379;08.11.2013 10:45:00;124,9
54403;08.11.2013 12:10:00;124,54
54424;08.11.2013 13:19:00;124,24
54426;08.11.2013 13:26:00;124,22
54460;08.11.2013 16:54:00;124,18
54461;08.11.2013 16:59:00;124,16
54469;08.11.2013 17:33:00;124,1
54522;11.11.2013 10:00:00;124,1
54539;11.11.2013 11:40:00;124,04
54577;11.11.2013 14:43:00;123,95
54666;12.11.2013 10:00:00;123,95
54681;12.11.2013 11:06:00;123,93
54690;12.11.2013 11:37:00;123,93
54706;12.11.2013 12:35:00;123,77
54709;12.11.2013 12:45:00;123,69
54723;12.11.2013 13:44:00;123,59
54820;13.11.2013 10:00:00;123,59
54841;13.11.2013 11:16:00;123,97
54881;13.11.2013 13:58:00;123,75
54943;13.11.2013 17:55:00;123,44
54958;13.11.2013 18:22:00;123,3
54966;13.11.2013 18:43:00;123,01
54968;13.11.2013 19:00:00;122,74
54986;13.11.2013 19:51:00;122,53
55023;14.11.2013 10:00:00;122,53
55032;14.11.2013 10:20:00;122,49
55062;14.11.2013 11:56:00;122,09
55093;14.11.2013 14:23:00;121,65
55125;14.11.2013 16:47:00;121,18
55154;14.11.2013 18:17:00;120,75
55220;15.11.2013 10:00:00;120,75
55291;15.11.2013 13:23:00;120,83
55312;15.11.2013 14:23:00;120,88
55345;15.11.2013 16:07:00;120,99
55348;15.11.2013 16:20:00;120,9
55378;15.11.2013 18:34:00;120,92
55385;15.11.2013 19:16:00;120,92
55390;15.11.2013 19:31:00;120,78
55404;15.11.2013 21:25:00;120,73
55414;15.11.2013 23:13:00;120,77
55421;18.11.2013 10:00:00;120,77
55444;18.11.2013 11:25:00;120,75
55486;18.11.2013 13:40:00;120,81
55487;18.11.2013 13:43:00;120,77
55507;18.11.2013 15:15:00;120,73
55516;18.11.2013 15:57:00;120,58
55517;18.11.2013 15:58:00;120,55
55541;18.11.2013 17:54:00;120,22
55605;19.11.2013 10:00:00;120,22
55654;19.11.2013 12:50:00;120,64
55676;19.11.2013 13:57:00;120,48
55728;19.11.2013 17:07:00;120,34
55755;19.11.2013 18:42:00;120,89
55774;19.11.2013 20:14:00;120,84
55784;19.11.2013 20:50:00;121,12
55802;19.11.2013 22:24:00;121,02
55808;19.11.2013 22:41:00;121,4
55821;20.11.2013 10:00:00;121,4
55845;20.11.2013 11:01:00;121,52
55872;20.11.2013 12:29:00;121,47
55884;20.11.2013 13:15:00;121,26
55969;20.11.2013 17:23:00;121,14
55993;20.11.2013 18:43:00;121,19
56016;20.11.2013 20:05:00;121,17
56039;20.11.2013 23:00:00;121,15
56055;20.11.2013 23:45:00;121,11
56056;21.11.2013 10:00:00;121,11
56077;21.11.2013 10:57:00;120,98
56081;21.11.2013 11:11:00;121,07
56101;21.11.2013 12:17:00;120,89
56104;21.11.2013 12:30:00;120,74
56113;21.11.2013 13:02:00;120,53
56230;21.11.2013 22:51:00;120,59
56237;22.11.2013 10:00:00;120,59
56240;22.11.2013 10:08:00;120,61
56268;22.11.2013 12:09:00;120,54
56291;22.11.2013 13:23:00;120,41
56308;22.11.2013 14:34:00;120,22
56315;22.11.2013 14:58:00;120,02
56363;22.11.2013 17:28:00;119,91
56387;22.11.2013 19:18:00;119,71
56411;22.11.2013 22:01:00;119,5
56424;25.11.2013 10:00:00;119,5
56427;25.11.2013 10:08:00;119,36
56437;25.11.2013 10:36:00;119,17
56557;25.11.2013 18:16:00;119,21
56572;25.11.2013 19:24:00;119,12
56589;25.11.2013 21:29:00;119,04
56608;26.11.2013 10:01:00;119,04
56610;26.11.2013 10:05:00;118,9
56632;26.11.2013 10:57:00;118,72
56819;26.11.2013 23:08:00;119,1
56824;27.11.2013 10:00:00;119,1
56853;27.11.2013 11:11:00;119,02
56902;27.11.2013 13:11:00;118,96
56919;27.11.2013 13:57:00;119,24
56941;27.11.2013 14:54:00;119,59
56955;27.11.2013 15:23:00;119,52
56967;27.11.2013 16:26:00;119,58
56973;27.11.2013 16:54:00;119,57
56982;27.11.2013 17:22:00;119,57
56983;27.11.2013 17:23:00;119,43
57063;27.11.2013 23:45:00;119,46
57064;28.11.2013 10:00:00;119,46
57084;28.11.2013 11:09:00;119,45
57118;28.11.2013 12:56:00;119,44
57134;28.11.2013 13:53:00;119,46
57156;28.11.2013 15:23:00;119,23
57166;28.11.2013 15:50:00;119,05
57238;29.11.2013 10:00:00;119,05
57323;29.11.2013 13:49:00;119,13
57350;29.11.2013 15:58:00;119,11
57378;29.11.2013 17:40:00;119,05
57398;29.11.2013 19:00:00;119,54
57423;29.11.2013 20:41:00;119,85
57450;02.12.2013 10:03:00;119,85
57508;02.12.2013 12:38:00;119,86
57531;02.12.2013 13:44:00;119,9
57552;02.12.2013 15:05:00;119,79
57576;02.12.2013 16:49:00;119,62
57595;02.12.2013 18:05:00;119,4
57655;03.12.2013 10:00:00;119,4
57860;03.12.2013 20:00:00;119,98
57867;03.12.2013 20:43:00;119,92
57895;04.12.2013 10:01:00;119,92
57960;04.12.2013 12:36:00;119,93
57989;04.12.2013 13:42:00;119,94
58010;04.12.2013 14:57:00;120,57
58164;05.12.2013 10:00:00;120,57
58177;05.12.2013 10:34:00;120,81
58194;05.12.2013 11:16:00;120,73
58202;05.12.2013 11:38:00;120,68
58211;05.12.2013 11:55:00;120,91
58231;05.12.2013 12:56:00;120,91
58233;05.12.2013 13:10:00;120,9
58249;05.12.2013 14:12:00;121,56
58276;05.12.2013 15:42:00;122,29
58313;05.12.2013 17:32:00;122,14
58328;05.12.2013 18:06:00;121,82
58335;05.12.2013 18:30:00;121,65
58340;05.12.2013 18:44:00;121,32
58385;06.12.2013 10:00:00;121,32
58422;06.12.2013 11:30:00;121,43
58453;06.12.2013 12:52:00;121,22
58480;06.12.2013 13:58:00;121,14
58515;06.12.2013 16:08:00;120,99
58532;06.12.2013 17:07:00;121,15
58549;06.12.2013 17:54:00;121,88
58551;06.12.2013 17:58:00;121,72
58612;09.12.2013 10:00:00;121,72
58693;09.12.2013 14:21:00;121,93
58711;09.12.2013 15:19:00;121,81
58802;10.12.2013 10:00:00;121,81
58847;10.12.2013 12:18:00;121,8
58885;10.12.2013 14:37:00;122,29
58902;10.12.2013 16:21:00;122,05
58922;10.12.2013 17:38:00;121,88
58967;11.12.2013 10:00:00;121,88
58981;11.12.2013 10:37:00;121,63
59002;11.12.2013 12:11:00;121,53
59035;11.12.2013 13:43:00;121,96
59045;11.12.2013 14:07:00;121,83
59069;11.12.2013 15:13:00;121,68
59089;11.12.2013 16:21:00;121,47
59153;11.12.2013 20:05:00;121,46
59178;11.12.2013 21:48:00;121,29
59199;12.12.2013 10:00:00;121,29
59201;12.12.2013 10:03:00;121,03
59227;12.12.2013 11:09:00;121,54
59253;12.12.2013 12:21:00;121,98
59254;12.12.2013 12:22:00;122,03
59293;12.12.2013 14:28:00;121,84
59405;13.12.2013 10:00:00;121,84
59429;13.12.2013 10:50:00;121,84
59444;13.12.2013 11:40:00;122
59474;13.12.2013 13:21:00;122,13
59496;13.12.2013 14:33:00;121,99
59519;13.12.2013 16:00:00;122,2
59531;13.12.2013 16:57:00;122,13
59550;13.12.2013 17:57:00;122,01
59562;13.12.2013 19:31:00;122,28
59563;13.12.2013 19:35:00;122,31
59579;13.12.2013 21:13:00;122,31
59592;13.12.2013 23:35:00;122,32
