50;date;money; ;75;date;money; ;100;date;money; ;125;date;money; ;150;date;money; ;
1531;08.01.2013 10:00:00;99,99; ;1531;08.01.2013 10:00:00;99,99; ;1531;08.01.2013 10:00:00;99,99; ;1531;08.01.2013 10:00:00;99,99; ;1531;08.01.2013 10:00:00;99,99; ;
1707;09.01.2013 11:14:00;100,95; ;1739;09.01.2013 13:46:00;101,18; ;1770;09.01.2013 18:03:00;101,18; ;1814;10.01.2013 11:20:00;101,16; ;1883;10.01.2013 19:30:00;101,72; ;
1793;09.01.2013 23:02:00;100,51; ;1830;10.01.2013 12:48:00;101,14; ;1858;10.01.2013 16:34:00;101,12; ;1880;10.01.2013 19:06:00;100,45; ;1889;10.01.2013 19:58:00;101,8; ;
1853;10.01.2013 15:59:00;100,48; ;2234;15.01.2013 14:05:00;103,77; ;2269;15.01.2013 17:12:00;102,84; ;2294;15.01.2013 18:41:00;101,55; ;2320;15.01.2013 22:09:00;103,27; ;
1873;10.01.2013 18:14:00;100,59; ;2464;16.01.2013 21:39:00;104,74; ;2492;17.01.2013 11:31:00;102,7; ;2513;17.01.2013 12:45:00;101,15; ;2538;17.01.2013 14:29:00;102,61; ;
2216;15.01.2013 12:44:00;103,03; ;2872;21.01.2013 16:06:00;108,57; ;2974;22.01.2013 12:51:00;104,83; ;2981;22.01.2013 13:10:00;102,88; ;3001;22.01.2013 14:26:00;104,12; ;
2437;16.01.2013 17:33:00;103,84; ;2889;21.01.2013 18:25:00;108,64; ;3139;23.01.2013 12:48:00;104,52; ;3170;23.01.2013 14:59:00;101,99; ;3200;23.01.2013 17:31:00;103,21; ;
2826;21.01.2013 11:51:00;107,2; ;2964;22.01.2013 12:32:00;107,88; ;3292;24.01.2013 12:31:00;104,18; ;3310;24.01.2013 13:39:00;101,12; ;3332;24.01.2013 14:56:00;102,11; ;
2870;21.01.2013 15:55:00;106,73; ;3094;23.01.2013 10:06:00;108,1; ;3439;25.01.2013 10:01:00;104,2; ;3475;25.01.2013 12:05:00;100,88; ;3504;25.01.2013 13:49:00;101,31; ;
2943;22.01.2013 10:59:00;106,08; ;3271;24.01.2013 11:16:00;107,73; ;3973;29.01.2013 16:16:00;108,46; ;3996;29.01.2013 17:37:00;104,89; ;4022;29.01.2013 19:10:00;104,64; ;
3061;22.01.2013 20:18:00;106,64; ;3404;24.01.2013 19:43:00;107,3; ;4088;30.01.2013 11:21:00;107,73; ;4117;30.01.2013 12:37:00;103,48; ;4123;30.01.2013 12:47:00;103,16; ;
3132;23.01.2013 12:23:00;106,57; ;3486;25.01.2013 12:42:00;107,46; ;4252;30.01.2013 19:58:00;107,88; ;4288;30.01.2013 23:43:00;103; ;4321;31.01.2013 11:10:00;102,33; ;
3164;23.01.2013 14:31:00;105,9; ;3498;25.01.2013 13:22:00;107,25; ;4374;31.01.2013 13:06:00;106,9; ;4387;31.01.2013 13:36:00;102,04; ;4398;31.01.2013 13:56:00;100,65; ;
3241;23.01.2013 21:38:00;105,79; ;3955;29.01.2013 15:18:00;110,51; ;4668;01.02.2013 14:24:00;107,41; ;4692;01.02.2013 15:11:00;101,31; ;4710;01.02.2013 16:05:00;99,66; ;
3386;24.01.2013 18:35:00;106,24; ;4058;29.01.2013 23:29:00;109,89; ;4869;04.02.2013 11:09:00;108,28; ;4912;04.02.2013 12:48:00;100,87; ;4949;04.02.2013 14:43:00;99,5; ;
3449;25.01.2013 10:30:00;105,91; ;4225;30.01.2013 18:14:00;110,09; ;4980;04.02.2013 16:10:00;107,63; ;4979;04.02.2013 16:07:00;99,96; ;4992;04.02.2013 16:43:00;98,78; ;
3492;25.01.2013 13:03:00;105,15; ;4366;31.01.2013 12:54:00;108,68; ;5182;05.02.2013 16:11:00;107,66; ;5214;05.02.2013 18:00:00;100,28; ;5248;05.02.2013 20:56:00;98,88; ;
3844;29.01.2013 11:06:00;108,92; ;4486;31.01.2013 18:05:00;108,79; ;5426;06.02.2013 18:08:00;106,39; ;5447;06.02.2013 19:20:00;99,34; ;5466;06.02.2013 20:18:00;98,12; ;
3876;29.01.2013 12:21:00;107,88; ;4527;31.01.2013 20:10:00;108,15; ;5890;08.02.2013 12:54:00;107,98; ;5928;08.02.2013 14:37:00;100,21; ;5954;08.02.2013 15:30:00;98,56; ;
3937;29.01.2013 14:30:00;106,66; ;4632;01.02.2013 12:50:00;107,8; ;6332;11.02.2013 20:29:00;109,77; ;6343;11.02.2013 21:24:00;101,23; ;6357;11.02.2013 22:32:00;98,93; ;
4014;29.01.2013 18:34:00;106,72; ;4824;01.02.2013 22:59:00;108,37; ;6466;12.02.2013 13:32:00;108,54; ;6489;12.02.2013 14:40:00;99,79; ;6503;12.02.2013 15:03:00;96,97; ;
4197;30.01.2013 16:57:00;107,89; ;4963;04.02.2013 15:24:00;107,57; ;6713;13.02.2013 15:09:00;108,54; ;6729;13.02.2013 15:38:00;99,87; ;6761;13.02.2013 16:43:00;96,74; ;
4286;30.01.2013 23:27:00;108,02; ;5154;05.02.2013 14:14:00;108,33; ;6826;13.02.2013 19:43:00;108,03; ;6874;14.02.2013 10:21:00;99,42; ;6943;14.02.2013 12:56:00;95,22; ;
4312;31.01.2013 10:52:00;107,6; ;5404;06.02.2013 17:16:00;108,83; ;6910;14.02.2013 11:47:00;107,15; ;6923;14.02.2013 12:17:00;98,76; ;7110;14.02.2013 18:25:00;92,75; ;
4360;31.01.2013 12:43:00;106,05; ;5862;08.02.2013 11:44:00;111,37; ;6949;14.02.2013 13:04:00;103,85; ;6944;14.02.2013 12:57:00;96,74; ;7629;18.02.2013 23:25:00;93,83; ;
4450;31.01.2013 16:54:00;105,85; ;5924;08.02.2013 14:32:00;111,39; ;7066;14.02.2013 17:05:00;100,95; ;7090;14.02.2013 17:53:00;94,84; ;8008;20.02.2013 17:01:00;95,07; ;
4512;31.01.2013 19:11:00;104,86; ;5954;08.02.2013 15:30:00;110,29; ;7613;18.02.2013 20:00:00;102,61; ;7612;18.02.2013 19:43:00;96,66; ;8368;22.02.2013 11:31:00;95,58; ;
4600;01.02.2013 11:22:00;103,92; ;6318;11.02.2013 19:26:00;110,56; ;7954;20.02.2013 14:46:00;103,87; ;7979;20.02.2013 15:49:00;97,83; ;8514;25.02.2013 10:08:00;94,98; ;
4660;01.02.2013 13:47:00;103,77; ;6438;12.02.2013 12:29:00;109,95; ;8086;20.02.2013 21:28:00;103,8; ;8333;21.02.2013 23:09:00;98,84; ;8674;25.02.2013 22:18:00;95,16; ;
4674;01.02.2013 14:40:00;103,72; ;6701;13.02.2013 14:17:00;111,14; ;8129;21.02.2013 10:41:00;102,57; ;8493;22.02.2013 20:11:00;98,64; ;8719;26.02.2013 11:15:00;93,71; ;
4676;01.02.2013 14:44:00;103,81; ;6799;13.02.2013 18:10:00;110,78; ;8291;21.02.2013 18:40:00;102,5; ;8632;25.02.2013 18:28:00;98; ;9008;27.02.2013 14:57:00;94,58; ;
4677;01.02.2013 14:46:00;103,66; ;6880;14.02.2013 10:40:00;110,7; ;8470;22.02.2013 18:22:00;102,4; ;8713;26.02.2013 10:50:00;96,29; ;9010;27.02.2013 15:06:00;94,38; ;
4766;01.02.2013 18:04:00;103,89; ;6946;14.02.2013 13:01:00;108,97; ;8600;25.02.2013 15:52:00;101,9; ;8958;27.02.2013 12:12:00;96,95; ;9213;28.02.2013 15:08:00;94,06; ;
4810;01.02.2013 20:52:00;103,56; ;7043;14.02.2013 15:52:00;107,46; ;8701;26.02.2013 10:15:00;99,87; ;9030;27.02.2013 16:24:00;96,49; ;9441;01.03.2013 14:43:00;93,56; ;
4844;04.02.2013 10:12:00;103,13; ;7475;18.02.2013 12:46:00;111,39; ;8931;27.02.2013 10:03:00;100,01; ;9182;28.02.2013 13:15:00;95,77; ;9808;05.03.2013 12:06:00;92,7; ;
4897;04.02.2013 12:17:00;103,16; ;7506;18.02.2013 14:11:00;111,66; ;9014;27.02.2013 15:16:00;98,9; ;9428;01.03.2013 14:06:00;94,69; ;10298;07.03.2013 23:05:00;93,74; ;
4904;04.02.2013 12:28:00;102,97; ;7594;18.02.2013 18:22:00;110,43; ;9157;28.02.2013 11:31:00;98,05; ;9791;05.03.2013 11:00:00;94,01; ;10442;12.03.2013 10:00:00;93,69; ;
4917;04.02.2013 12:57:00;102,55; ;7927;20.02.2013 13:35:00;112,49; ;9283;28.02.2013 18:44:00;98,62; ;10268;07.03.2013 19:01:00;95; ;10492;12.03.2013 14:08:00;93,06; ;
4921;04.02.2013 13:07:00;102,28; ;8056;20.02.2013 19:14:00;112,71; ;9306;28.02.2013 20:10:00;98,71; ;10409;11.03.2013 17:02:00;94,64; ;10952;15.03.2013 11:29:00;93,67; ;
4957;04.02.2013 15:07:00;101,72; ;8119;21.02.2013 10:10:00;110,91; ;9408;01.03.2013 13:02:00;98,11; ;10486;12.03.2013 13:37:00;94,01; ;11095;18.03.2013 10:18:00;90,07; ;
5129;05.02.2013 12:27:00;102,43; ;8249;21.02.2013 16:37:00;111,06; ;9765;04.03.2013 23:17:00;99,32; ;10924;14.03.2013 20:48:00;95,35; ;11754;20.03.2013 13:46:00;91,02; ;
5239;05.02.2013 19:48:00;102,58; ;8447;22.02.2013 16:46:00;111,39; ;10245;07.03.2013 17:36:00;101,75; ;11084;18.03.2013 10:00:00;92,89; ;12113;21.03.2013 19:06:00;92,02; ;
5261;06.02.2013 10:01:00;102,23; ;8588;25.02.2013 14:25:00;111,06; ;10379;11.03.2013 14:07:00;101,79; ;11376;19.03.2013 11:26:00;93,88; ;12463;25.03.2013 16:54:00;93,56; ;
5380;06.02.2013 16:15:00;102,55; ;8686;25.02.2013 23:05:00;110,15; ;10469;12.03.2013 11:54:00;101,4; ;11434;19.03.2013 13:28:00;92,02; ;12548;25.03.2013 20:18:00;91,75; ;
5532;07.02.2013 11:09:00;104,19; ;8907;26.02.2013 21:33:00;111,62; ;10892;14.03.2013 17:53:00;102,79; ;11571;19.03.2013 19:43:00;91,48; ;13209;28.03.2013 10:33:00;92,95; ;
5557;07.02.2013 12:02:00;103,29; ;8990;27.02.2013 13:56:00;111,04; ;11061;15.03.2013 20:00:00;102,08; ;11631;19.03.2013 22:32:00;91,04; ;13667;01.04.2013 11:56:00;94,45; ;
5630;07.02.2013 14:25:00;102,86; ;9134;28.02.2013 10:00:00;110,38; ;11352;19.03.2013 10:03:00;105,66; ;11736;20.03.2013 13:18:00;90,41; ;13822;01.04.2013 20:12:00;94,68; ;
5668;07.02.2013 16:02:00;102,54; ;9247;28.02.2013 17:13:00;109,86; ;11427;19.03.2013 13:18:00;103,97; ;12091;21.03.2013 17:59:00;92,16; ;13886;02.04.2013 11:28:00;95,68; ;
5835;08.02.2013 10:49:00;102,58; ;9294;28.02.2013 19:23:00;109; ;11540;19.03.2013 17:57:00;102,31; ;12435;25.03.2013 13:49:00;93,28; ;14003;02.04.2013 16:51:00;96,11; ;
5892;08.02.2013 13:01:00;102,02; ;9382;01.03.2013 11:53:00;107,89; ;11617;19.03.2013 21:49:00;100,67; ;12532;25.03.2013 19:27:00;90,79; ;14350;03.04.2013 21:43:00;95,98; ;
5941;08.02.2013 14:58:00;101,43; ;9552;01.03.2013 22:10:00;108,07; ;11712;20.03.2013 12:17:00;98,78; ;12720;26.03.2013 14:49:00;90,26; ;14477;04.04.2013 13:57:00;94,08; ;
6153;11.02.2013 12:14:00;103,07; ;9604;04.03.2013 11:45:00;106,92; ;12062;21.03.2013 16:22:00;100,4; ;12771;26.03.2013 16:20:00;89,28; ;14696;05.04.2013 11:44:00;93,14; ;
6185;11.02.2013 13:36:00;103,29; ;9710;04.03.2013 18:05:00;106,63; ;12409;25.03.2013 11:42:00;102,18; ;13171;27.03.2013 22:45:00;89,61; ;14957;08.04.2013 11:28:00;92,5; ;
6305;11.02.2013 18:41:00;102,86; ;9915;05.03.2013 18:28:00;107,94; ;12518;25.03.2013 19:04:00;99,36; ;13640;01.04.2013 10:22:00;91,06; ;15580;11.04.2013 15:43:00;94,39; ;
6409;12.02.2013 11:35:00;102,75; ;9930;05.03.2013 19:59:00;107,65; ;12677;26.03.2013 13:03:00;98,61; ;13783;01.04.2013 17:53:00;90,6; ;16294;16.04.2013 13:59:00;97,95; ;
6417;12.02.2013 11:54:00;102,74; ;10202;07.03.2013 14:13:00;108,88; ;12753;26.03.2013 15:48:00;97,17; ;13869;02.04.2013 10:31:00;89,78; ;16519;17.04.2013 11:42:00;96,31; ;
6421;12.02.2013 11:58:00;102,69; ;10216;07.03.2013 15:25:00;108,74; ;12912;27.03.2013 11:18:00;96,67; ;13971;02.04.2013 15:35:00;89,74; ;16788;17.04.2013 22:41:00;96,15; ;
6579;12.02.2013 19:09:00;104,28; ;10219;07.03.2013 15:41:00;108,67; ;12971;27.03.2013 13:09:00;95,47; ;14079;02.04.2013 21:31:00;90,48; ;17135;19.04.2013 10:18:00;98,19; ;
6615;12.02.2013 23:43:00;104,02; ;10355;11.03.2013 12:24:00;108,72; ;13143;27.03.2013 20:42:00;95,16; ;14107;03.04.2013 10:08:00;90,57; ;17182;19.04.2013 12:08:00;98,46; ;
6676;13.02.2013 12:52:00;103,47; ;10445;12.03.2013 10:04:00;108,33; ;13595;29.03.2013 19:05:00;97,21; ;14336;03.04.2013 20:59:00;90,25; ;17617;22.04.2013 17:39:00;97,26; ;
6770;13.02.2013 17:06:00;103,39; ;10858;14.03.2013 16:12:00;110,8; ;13762;01.04.2013 17:08:00;96,91; ;14464;04.04.2013 13:21:00;88,57; ;17889;23.04.2013 16:52:00;97,26; ;
6850;13.02.2013 21:59:00;103,37; ;11046;15.03.2013 18:34:00;110,87; ;13850;01.04.2013 23:33:00;95,45; ;14658;05.04.2013 10:10:00;88,41; ;18478;25.04.2013 18:32:00;98,52; ;
6946;14.02.2013 13:01:00;101,59; ;11320;18.03.2013 21:56:00;115,07; ;13941;02.04.2013 14:17:00;94,08; ;14934;08.04.2013 10:09:00;88,78; ;18741;26.04.2013 18:01:00;98,76; ;
7015;14.02.2013 14:50:00;100,18; ;11409;19.03.2013 12:45:00;113,51; ;14034;02.04.2013 17:56:00;93,86; ;15561;11.04.2013 14:44:00;90,81; ;18817;26.04.2013 21:59:00;98,37; ;
7292;15.02.2013 15:37:00;102,71; ;11515;19.03.2013 16:50:00;111,99; ;14093;02.04.2013 23:11:00;93,82; ;16271;16.04.2013 13:05:00;94,68; ;18984;29.04.2013 15:27:00;98,46; ;
7342;15.02.2013 18:20:00;102,11; ;11593;19.03.2013 20:30:00;110,57; ;14325;03.04.2013 20:32:00;93,7; ;16504;17.04.2013 11:22:00;94,75; ;19008;29.04.2013 16:30:00;98,24; ;
7434;18.02.2013 10:46:00;101,97; ;11686;20.03.2013 11:12:00;109,45; ;14452;04.04.2013 12:51:00;92,32; ;16747;17.04.2013 20:28:00;96,08; ;19216;30.04.2013 13:58:00;97,04; ;
7482;18.02.2013 13:03:00;101,25; ;12038;21.03.2013 14:51:00;112,02; ;14614;04.04.2013 21:46:00;92,09; ;17095;18.04.2013 22:25:00;97,24; ;20059;06.05.2013 18:07:00;102,67; ;
7578;18.02.2013 17:53:00;100,9; ;12394;25.03.2013 10:35:00;113,98; ;14907;05.04.2013 21:57:00;92,97; ;17168;19.04.2013 11:43:00;96,33; ;20177;07.05.2013 12:28:00;101,72; ;
7901;20.02.2013 12:22:00;103,54; ;12499;25.03.2013 18:13:00;112,6; ;15539;11.04.2013 13:20:00;96,04; ;17601;22.04.2013 17:13:00;95,56; ;20546;08.05.2013 23:24:00;104,38; ;
8029;20.02.2013 17:46:00;103,63; ;12643;26.03.2013 11:58:00;113,14; ;16244;16.04.2013 12:06:00;99,97; ;17860;23.04.2013 15:32:00;95,81; ;20558;10.05.2013 10:24:00;105,11; ;
8096;20.02.2013 22:40:00;103,3; ;12733;26.03.2013 15:16:00;111,67; ;16470;17.04.2013 10:11:00;100,57; ;18464;25.04.2013 18:04:00;97; ;20673;10.05.2013 17:05:00;103,66; ;
8214;21.02.2013 14:47:00;104,5; ;12876;26.03.2013 23:48:00;111,56; ;16708;17.04.2013 18:37:00;102,63; ;18710;26.04.2013 16:41:00;97,09; ;21009;14.05.2013 10:01:00;104,42; ;
8290;21.02.2013 18:38:00;104,5; ;12953;27.03.2013 12:32:00;110,21; ;17059;18.04.2013 19:58:00;103,97; ;18806;26.04.2013 21:18:00;96,29; ;21280;15.05.2013 10:23:00;105,22; ;
8320;21.02.2013 21:39:00;104,47; ;13122;27.03.2013 19:21:00;110,18; ;17146;19.04.2013 11:01:00;103,33; ;18927;29.04.2013 12:45:00;96,21; ;21576;16.05.2013 12:47:00;105,41; ;
8423;22.02.2013 15:26:00;104,31; ;13553;29.03.2013 15:26:00;112,68; ;17297;19.04.2013 16:24:00;103,42; ;18999;29.04.2013 16:07:00;95,84; ;21663;16.05.2013 16:52:00;104,39; ;
8582;25.02.2013 13:59:00;103,61; ;13744;01.04.2013 16:04:00;112,14; ;17329;19.04.2013 17:33:00;103,12; ;19199;30.04.2013 13:09:00;94,82; ;21877;17.05.2013 15:46:00;102,76; ;
8657;25.02.2013 20:18:00;103,15; ;13826;01.04.2013 20:50:00;110,49; ;17432;19.04.2013 23:40:00;102,83; ;20008;06.05.2013 15:23:00;100,71; ;22852;23.05.2013 10:44:00;105,53; ;
8879;26.02.2013 20:00:00;105,02; ;13913;02.04.2013 12:29:00;109,4; ;17437;22.04.2013 10:10:00;101,87; ;20122;07.05.2013 10:16:00;100,93; ;23520;27.05.2013 12:42:00;109,72; ;
8969;27.02.2013 12:39:00;104,62; ;13999;02.04.2013 16:42:00;108,76; ;17581;22.04.2013 16:27:00;100,78; ;20137;07.05.2013 11:01:00;100,69; ;23584;27.05.2013 14:59:00;109,22; ;
9111;27.02.2013 21:30:00;104,79; ;14068;02.04.2013 19:47:00;107,92; ;17839;23.04.2013 14:40:00;101,87; ;20192;07.05.2013 13:26:00;99,51; ;23735;28.05.2013 11:43:00;107,2; ;
9216;28.02.2013 15:14:00;104,74; ;14274;03.04.2013 17:54:00;108,03; ;18450;25.04.2013 17:41:00;103,85; ;20475;08.05.2013 17:05:00;101,12; ;23935;28.05.2013 23:25:00;105,65; ;
9277;28.02.2013 18:32:00;104,37; ;14439;04.04.2013 12:25:00;106,76; ;18686;26.04.2013 15:23:00;104,36; ;20542;08.05.2013 22:46:00;100,23; ;24474;30.05.2013 20:05:00;108,42; ;
9360;01.03.2013 10:55:00;103,92; ;14579;04.04.2013 18:38:00;105,93; ;18784;26.04.2013 19:53:00;103,03; ;20659;10.05.2013 16:28:00;98,52; ;24524;31.05.2013 10:05:00;108,33; ;
9517;01.03.2013 18:33:00;104,58; ;14669;05.04.2013 10:56:00;105,61; ;18892;29.04.2013 11:34:00;102,09; ;20980;13.05.2013 20:26:00;99,07; ;24552;31.05.2013 10:58:00;108,18; ;
9587;04.03.2013 10:57:00;104,19; ;14700;05.04.2013 11:54:00;105,09; ;18977;29.04.2013 15:07:00;101,31; ;21235;14.05.2013 19:48:00;99,39; ;24610;31.05.2013 12:45:00;106,14; ;
9671;04.03.2013 15:04:00;104,33; ;14880;05.04.2013 19:28:00;105,17; ;19180;30.04.2013 12:10:00;100,86; ;21534;16.05.2013 10:57:00;100,38; ;25018;03.06.2013 14:13:00;104,39; ;
9751;04.03.2013 21:53:00;104,14; ;15523;11.04.2013 12:22:00;108,4; ;19760;03.05.2013 15:59:00;105,63; ;21639;16.05.2013 15:46:00;100,51; ;25203;03.06.2013 21:02:00;103,07; ;
9776;05.03.2013 10:04:00;102,82; ;16073;15.04.2013 18:05:00;113,41; ;19812;03.05.2013 17:50:00;103,58; ;21860;17.05.2013 15:22:00;99,57; ;25308;04.06.2013 12:02:00;101,21; ;
9866;05.03.2013 15:57:00;102,75; ;16114;15.04.2013 20:09:00;113,46; ;19970;06.05.2013 13:14:00;103,23; ;22843;23.05.2013 10:25:00;102,58; ;25473;04.06.2013 17:49:00;99,81; ;
9911;05.03.2013 18:02:00;102,25; ;16217;16.04.2013 11:17:00;112,57; ;20077;06.05.2013 19:15:00;103,06; ;23473;27.05.2013 10:53:00;106,23; ;25782;05.06.2013 16:31:00;101,54; ;
10158;07.03.2013 10:31:00;103,38; ;16432;16.04.2013 20:43:00;112,42; ;20130;07.05.2013 10:46:00;102,81; ;23565;27.05.2013 14:14:00;104,9; ;25827;05.06.2013 18:15:00;101,35; ;
10182;07.03.2013 12:30:00;103,14; ;16674;17.04.2013 17:20:00;114,32; ;20192;07.05.2013 13:26:00;101,74; ;23718;28.05.2013 11:04:00;103,06; ;26063;06.06.2013 14:36:00;101,77; ;
10197;07.03.2013 13:35:00;103,11; ;17024;18.04.2013 18:23:00;115,32; ;20441;08.05.2013 14:45:00;103,21; ;23909;28.05.2013 21:55:00;102,08; ;26156;06.06.2013 17:51:00;101,11; ;
10210;07.03.2013 14:55:00;102,82; ;17129;19.04.2013 10:11:00;113,67; ;20527;08.05.2013 21:26:00;101,81; ;24361;30.05.2013 15:50:00;105,08; ;26332;07.06.2013 11:26:00;100,22; ;
10230;07.03.2013 16:24:00;102,2; ;17252;19.04.2013 14:47:00;113,22; ;20635;10.05.2013 15:16:00;100,44; ;24393;30.05.2013 16:50:00;104,7; ;26829;10.06.2013 19:00:00;101,78; ;
10328;11.03.2013 10:41:00;101,99; ;17305;19.04.2013 16:42:00;113,09; ;20952;13.05.2013 18:21:00;101,79; ;24448;30.05.2013 18:31:00;104,8; ;27587;14.06.2013 10:08:00;106,91; ;
10415;11.03.2013 17:52:00;102; ;17400;19.04.2013 21:38:00;112,9; ;21201;14.05.2013 17:38:00;102,14; ;24465;30.05.2013 19:31:00;105,23; ;28573;19.06.2013 10:56:00;109,56; ;
10821;14.03.2013 13:02:00;104,43; ;17437;22.04.2013 10:10:00;111,55; ;21286;15.05.2013 10:45:00;102,12; ;24521;31.05.2013 10:00:00;104,67; ;29377;21.06.2013 13:42:00;112,96; ;
10864;14.03.2013 16:29:00;104,53; ;17554;22.04.2013 15:10:00;110,27; ;21315;15.05.2013 11:42:00;101,12; ;24599;31.05.2013 12:19:00;102,61; ;29558;21.06.2013 20:21:00;111,13; ;
10886;14.03.2013 17:35:00;104,08; ;17812;23.04.2013 13:44:00;111,72; ;21502;15.05.2013 23:16:00;100,64; ;25003;03.06.2013 13:47:00;101,94; ;30102;25.06.2013 13:14:00;111,6; ;
11026;15.03.2013 17:39:00;104,03; ;18245;24.04.2013 22:04:00;115,53; ;21604;16.05.2013 13:55:00;100,55; ;25169;03.06.2013 19:13:00;101,43; ;30289;25.06.2013 20:58:00;111,11; ;
11292;18.03.2013 19:18:00;108,48; ;18258;24.04.2013 23:15:00;115,36; ;21655;16.05.2013 16:35:00;100,89; ;25287;04.06.2013 11:15:00;99,54; ;30395;26.06.2013 12:22:00;109,31; ;
11407;19.03.2013 12:41:00;107,09; ;18435;25.04.2013 17:17:00;114,16; ;21676;16.05.2013 17:31:00;100,83; ;25445;04.06.2013 16:51:00;98,2; ;30822;27.06.2013 17:20:00;110,5; ;
11487;19.03.2013 15:34:00;105,56; ;18662;26.04.2013 14:12:00;115,13; ;21844;17.05.2013 14:31:00;99,62; ;25741;05.06.2013 14:47:00;99,84; ;30933;27.06.2013 21:57:00;109,5; ;
11567;19.03.2013 19:31:00;104,73; ;18759;26.04.2013 18:33:00;114,46; ;22180;20.05.2013 17:57:00;101,65; ;25815;05.06.2013 17:44:00;99,99; ;31169;28.06.2013 17:05:00;108,75; ;
11661;20.03.2013 10:16:00;104,57; ;18866;29.04.2013 10:35:00;113,89; ;22237;20.05.2013 22:57:00;101,24; ;26028;06.06.2013 13:24:00;100,5; ;31331;01.07.2013 10:59:00;107,32; ;
11766;20.03.2013 14:24:00;105,41; ;18950;29.04.2013 13:48:00;112,84; ;22337;21.05.2013 13:40:00;101; ;26136;06.06.2013 17:14:00;99,66; ;31710;02.07.2013 14:55:00;107,69; ;
11781;20.03.2013 15:12:00;104,71; ;19162;30.04.2013 11:39:00;112,31; ;22393;21.05.2013 16:18:00;99,92; ;26311;07.06.2013 10:40:00;98,46; ;32143;03.07.2013 23:06:00;108,49; ;
11950;21.03.2013 11:05:00;106,19; ;19733;03.05.2013 14:09:00;118,18; ;22828;23.05.2013 10:01:00;100,6; ;26806;10.06.2013 17:57:00;100,1; ;32261;04.07.2013 15:05:00;107,62; ;
11975;21.03.2013 11:58:00;106,08; ;19799;03.05.2013 17:17:00;116,96; ;23164;24.05.2013 10:56:00;102,43; ;27562;13.06.2013 22:38:00;106,27; ;32366;04.07.2013 20:12:00;106,27; ;
12021;21.03.2013 13:49:00;105,62; ;19936;06.05.2013 12:10:00;117,69; ;23205;24.05.2013 12:17:00;100,12; ;28252;18.06.2013 10:14:00;109,68; ;32582;05.07.2013 17:41:00;105,43; ;
12390;25.03.2013 10:19:00;107,35; ;20042;06.05.2013 17:31:00;117,67; ;23434;24.05.2013 22:14:00;100,66; ;28313;18.06.2013 12:23:00;108,51; ;32957;09.07.2013 10:35:00;105,33; ;
12470;25.03.2013 17:06:00;106,1; ;20115;07.05.2013 10:05:00;116,91; ;23557;27.05.2013 13:59:00;99,43; ;28536;18.06.2013 22:46:00;108,8; ;33094;09.07.2013 17:09:00;104,33; ;
12607;26.03.2013 10:47:00;107,77; ;20185;07.05.2013 12:59:00;115,96; ;23698;28.05.2013 10:13:00;98,06; ;29357;21.06.2013 12:59:00;113,79; ;33498;11.07.2013 12:12:00;103,64; ;
12707;26.03.2013 14:07:00;107,91; ;20417;08.05.2013 13:15:00;117,7; ;23880;28.05.2013 19:38:00;97,78; ;29539;21.06.2013 19:49:00;112,05; ;34438;16.07.2013 19:40:00;110,09; ;
12845;26.03.2013 20:11:00;109,04; ;20506;08.05.2013 18:38:00;116,32; ;24327;30.05.2013 14:37:00;101,36; ;29694;24.06.2013 11:02:00;111,56; ;34646;17.07.2013 16:53:00;108,79; ;
12935;27.03.2013 12:05:00;108,86; ;20609;10.05.2013 13:09:00;115,2; ;24363;30.05.2013 15:55:00;101,89; ;29726;24.06.2013 12:07:00;111,75; ;34885;18.07.2013 13:21:00;106,62; ;
13104;27.03.2013 18:26:00;109,31; ;20922;13.05.2013 17:20:00;116,85; ;24507;30.05.2013 22:07:00;101,5; ;30071;25.06.2013 12:05:00;113,41; ;35200;19.07.2013 13:34:00;106,01; ;
13199;28.03.2013 10:15:00;108,42; ;21162;14.05.2013 15:47:00;117,33; ;24597;31.05.2013 12:17:00;99,7; ;30257;25.06.2013 18:44:00;113,32; ;35475;22.07.2013 11:47:00;106,2; ;
13243;28.03.2013 11:40:00;106,83; ;21260;14.05.2013 23:00:00;117,37; ;24834;31.05.2013 22:26:00;99,9; ;30384;26.06.2013 12:04:00;111,43; ;35831;23.07.2013 15:21:00;106,92; ;
13405;28.03.2013 17:43:00;107,87; ;21311;15.05.2013 11:34:00;116,51; ;24874;03.06.2013 10:19:00;98,43; ;30799;27.06.2013 16:41:00;112,96; ;35910;23.07.2013 19:01:00;105,1; ;
13427;28.03.2013 18:28:00;107,44; ;21481;15.05.2013 21:57:00;115,96; ;24981;03.06.2013 13:06:00;96,32; ;30910;27.06.2013 20:44:00;112,38; ;36220;24.07.2013 18:44:00;105,47; ;
13518;29.03.2013 12:16:00;107,78; ;21554;16.05.2013 11:46:00;115,2; ;25139;03.06.2013 18:05:00;95,99; ;31148;28.06.2013 16:23:00;112,09; ;36319;25.07.2013 10:53:00;105,91; ;
13623;29.03.2013 23:08:00;107,72; ;21618;16.05.2013 14:42:00;114,89; ;25266;04.06.2013 10:38:00;94,53; ;31298;28.06.2013 23:20:00;111,33; ;36354;25.07.2013 12:06:00;106,06; ;
13634;01.04.2013 10:07:00;107,21; ;21663;16.05.2013 16:52:00;114,6; ;25418;04.06.2013 15:45:00;93,53; ;31687;02.07.2013 13:43:00;112,44; ;36389;25.07.2013 13:21:00;105,43; ;
13723;01.04.2013 15:04:00;106,43; ;21836;17.05.2013 14:17:00;114,1; ;25712;05.06.2013 13:50:00;93,72; ;32115;03.07.2013 20:27:00;113,38; ;36645;26.07.2013 11:10:00;104,99; ;
13803;01.04.2013 18:31:00;105,62; ;22146;20.05.2013 16:44:00;117,09; ;25798;05.06.2013 17:08:00;92,78; ;32240;04.07.2013 14:15:00;112,03; ;36666;26.07.2013 11:57:00;103,73; ;
13886;02.04.2013 11:28:00;105,14; ;22214;20.05.2013 20:20:00;116,27; ;26000;06.06.2013 12:23:00;93,05; ;32352;04.07.2013 18:42:00;110,22; ;37433;31.07.2013 12:59:00;103,55; ;
13972;02.04.2013 15:37:00;104,39; ;22305;21.05.2013 12:03:00;115,8; ;26108;06.06.2013 16:19:00;92,66; ;32548;05.07.2013 16:29:00;110,03; ;38065;02.08.2013 16:05:00;104,54; ;
14040;02.04.2013 18:10:00;103,67; ;22378;21.05.2013 15:46:00;115,52; ;26297;07.06.2013 10:08:00;92,33; ;32931;08.07.2013 23:30:00;111,35; ;38225;05.08.2013 11:06:00;103,92; ;
14124;03.04.2013 10:57:00;103,38; ;22654;22.05.2013 15:17:00;119,04; ;26777;10.06.2013 16:42:00;93,59; ;33069;09.07.2013 15:58:00;110,81; ;38364;05.08.2013 18:03:00;103,04; ;
14165;03.04.2013 12:31:00;102,61; ;22681;22.05.2013 16:32:00;118,83; ;27220;11.06.2013 23:05:00;96,34; ;33218;10.07.2013 10:32:00;110,69; ;38855;07.08.2013 17:44:00;104,35; ;
14239;03.04.2013 16:15:00;102,43; ;22805;22.05.2013 22:21:00;118,3; ;27255;13.06.2013 10:20:00;93,61; ;33273;10.07.2013 12:58:00;109,69; ;38942;07.08.2013 23:18:00;104; ;
14299;03.04.2013 19:07:00;102,55; ;23135;23.05.2013 23:49:00;122,05; ;27534;13.06.2013 21:01:00;93,93; ;33479;11.07.2013 11:18:00;108,05; ;39221;08.08.2013 22:14:00;104,13; ;
14329;03.04.2013 20:40:00;102,1; ;23198;24.05.2013 12:05:00;120,52; ;27697;14.06.2013 13:22:00;93,85; ;34166;15.07.2013 18:06:00;115,82; ;39657;12.08.2013 16:34:00;104,56; ;
14410;04.04.2013 11:23:00;102,02; ;23375;24.05.2013 17:55:00;122,85; ;27738;14.06.2013 15:15:00;93,26; ;34216;16.07.2013 10:03:00;115,76; ;39749;12.08.2013 23:17:00;102,87; ;
14549;04.04.2013 17:34:00;103,43; ;23417;24.05.2013 20:17:00;123,23; ;28227;17.06.2013 23:01:00;95,37; ;34420;16.07.2013 18:30:00;114,99; ;40211;15.08.2013 12:26:00;103,7; ;
14641;04.04.2013 23:14:00;103,34; ;23456;27.05.2013 10:14:00;122,65; ;28312;18.06.2013 12:21:00;93,84; ;34612;17.07.2013 15:42:00;114,37; ;40895;19.08.2013 18:22:00;107,64; ;
14686;05.04.2013 11:24:00;102,81; ;23537;27.05.2013 13:17:00;122,03; ;28505;18.06.2013 21:11:00;94,02; ;34865;18.07.2013 12:54:00;113,13; ;40897;19.08.2013 18:24:00;107,61; ;
14823;05.04.2013 17:00:00;103,77; ;23671;27.05.2013 20:57:00;122,24; ;29173;20.06.2013 20:10:00;98,57; ;35172;19.07.2013 12:29:00;113,4; ;41576;22.08.2013 11:36:00;110,71; ;
14841;05.04.2013 17:38:00;103,8; ;23843;28.05.2013 17:36:00;123,96; ;29218;20.06.2013 22:27:00;97,45; ;35444;22.07.2013 10:55:00;115,02; ;42038;23.08.2013 19:18:00;111,82; ;
14873;05.04.2013 18:42:00;103,53; ;24284;30.05.2013 13:03:00;129,21; ;29334;21.06.2013 12:17:00;96,42; ;35796;23.07.2013 13:50:00;116,13; ;42194;26.08.2013 13:51:00;111,83; ;
15044;08.04.2013 18:22:00;104,06; ;24334;30.05.2013 14:50:00;128,93; ;29526;21.06.2013 19:27:00;95,5; ;35901;23.07.2013 18:27:00;113,9; ;42211;26.08.2013 14:47:00;110,97; ;
15084;09.04.2013 10:00:00;102,77; ;24395;30.05.2013 16:52:00;128,94; ;29648;21.06.2013 23:47:00;94,08; ;36172;24.07.2013 17:04:00;113,81; ;42987;29.08.2013 10:22:00;112,54; ;
15206;09.04.2013 17:08:00;103,96; ;24444;30.05.2013 18:20:00;128,68; ;29722;24.06.2013 12:00:00;93,28; ;36293;25.07.2013 10:09:00;113,09; ;43212;29.08.2013 19:38:00;112,35; ;
15224;09.04.2013 18:14:00;103,99; ;24494;30.05.2013 21:16:00;127,76; ;30037;25.06.2013 10:59:00;94,51; ;36331;25.07.2013 11:16:00;112,57; ;43613;02.09.2013 13:24:00;112,65; ;
15320;10.04.2013 12:08:00;104,26; ;24580;31.05.2013 11:40:00;125,57; ;30221;25.06.2013 17:38:00;94,51; ;36357;25.07.2013 12:13:00;112,47; ;43992;03.09.2013 21:49:00;112,95; ;
15352;10.04.2013 13:53:00;103,56; ;24806;31.05.2013 20:33:00;125,11; ;30376;26.06.2013 11:52:00;93,94; ;36618;25.07.2013 23:48:00;112,97; ;44220;04.09.2013 20:41:00;112,13; ;
15402;10.04.2013 16:57:00;103,07; ;24865;03.06.2013 10:06:00;123,42; ;30766;27.06.2013 15:14:00;95,61; ;36692;26.07.2013 12:53:00;111,71; ;44706;06.09.2013 15:55:00;114,79; ;
15431;10.04.2013 19:04:00;102,5; ;24955;03.06.2013 12:15:00;122,05; ;30884;27.06.2013 19:46:00;94,91; ;37415;31.07.2013 12:12:00;111,98; ;44763;06.09.2013 17:30:00;113; ;
15502;11.04.2013 11:34:00;101,85; ;25117;03.06.2013 17:34:00;122,45; ;31126;28.06.2013 15:36:00;94,82; ;38045;02.08.2013 15:09:00;113,71; ;44932;09.09.2013 11:12:00;111,73; ;
15635;11.04.2013 19:03:00;102,07; ;25246;03.06.2013 23:47:00;121,74; ;31264;28.06.2013 21:07:00;94,45; ;38190;02.08.2013 23:48:00;112,99; ;44961;09.09.2013 11:51:00;110,8; ;
15673;11.04.2013 23:43:00;101,93; ;25392;04.06.2013 14:49:00;121,25; ;31662;02.07.2013 12:46:00;95,78; ;38336;05.08.2013 16:59:00;112,59; ;45656;11.09.2013 15:15:00;114,53; ;
16040;15.04.2013 16:31:00;105,73; ;25690;05.06.2013 13:07:00;121,92; ;32089;03.07.2013 19:17:00;97,1; ;38822;07.08.2013 16:01:00;114,86; ;46034;12.09.2013 21:09:00;115,17; ;
16091;15.04.2013 18:43:00;105,32; ;25771;05.06.2013 16:12:00;120,99; ;32219;04.07.2013 12:54:00;96,51; ;38919;07.08.2013 21:29:00;114,47; ;46199;13.09.2013 15:41:00;114,9; ;
16202;16.04.2013 10:45:00;105,12; ;25973;06.06.2013 11:28:00;121,88; ;32331;04.07.2013 17:49:00;95,46; ;39193;08.08.2013 20:05:00;114,84; ;46282;13.09.2013 21:00:00;113,89; ;
16281;16.04.2013 13:30:00;104,97; ;26074;06.06.2013 15:10:00;121,66; ;32539;05.07.2013 15:56:00;94,97; ;39628;12.08.2013 15:06:00;115,69; ;47248;19.09.2013 20:04:00;120,63; ;
16320;16.04.2013 15:28:00;104,41; ;26277;06.06.2013 23:06:00;121,34; ;32911;08.07.2013 21:34:00;95,59; ;39734;12.08.2013 21:00:00;114,08; ;47477;20.09.2013 20:11:00;120,47; ;
16402;16.04.2013 18:40:00;104,17; ;26395;07.06.2013 13:29:00;121,51; ;33045;09.07.2013 14:37:00;94,95; ;40200;15.08.2013 11:43:00;114,66; ;47589;23.09.2013 14:13:00;119,81; ;
16468;17.04.2013 10:08:00;103,5; ;26433;07.06.2013 14:54:00;121,22; ;33180;09.07.2013 22:08:00;94,63; ;40869;19.08.2013 17:24:00;118,38; ;48015;25.09.2013 16:03:00;119,56; ;
16512;17.04.2013 11:33:00;101,77; ;26606;07.06.2013 23:03:00;122,5; ;33255;10.07.2013 12:13:00;94,44; ;40876;19.08.2013 17:45:00;118,24; ;48271;26.09.2013 17:06:00;119,08; ;
16658;17.04.2013 16:40:00;102,17; ;26621;10.06.2013 10:11:00;120,27; ;33463;11.07.2013 10:37:00;93,83; ;41249;21.08.2013 11:00:00;119,87; ;48877;01.10.2013 12:31:00;122,17; ;
16788;17.04.2013 22:41:00;102,13; ;26748;10.06.2013 15:46:00;118,95; ;34122;15.07.2013 16:10:00;99,85; ;41285;21.08.2013 12:14:00;117,4; ;49159;02.10.2013 14:55:00;121,31; ;
16802;17.04.2013 23:22:00;101,88; ;27184;11.06.2013 21:20:00;123,08; ;34200;15.07.2013 21:35:00;99,1; ;41543;22.08.2013 10:31:00;117,79; ;49376;03.10.2013 14:28:00;121,72; ;
16996;18.04.2013 17:37:00;103,03; ;27246;13.06.2013 10:10:00;120,14; ;34400;16.07.2013 17:41:00;98,6; ;42013;23.08.2013 18:08:00;119,78; ;49572;04.10.2013 12:20:00;122,02; ;
17084;18.04.2013 21:44:00;103,33; ;27505;13.06.2013 19:01:00;121,25; ;34557;17.07.2013 13:09:00;99,14; ;42140;26.08.2013 11:45:00;119,48; ;49595;04.10.2013 13:45:00;121,53; ;
17124;18.04.2013 23:49:00;104,61; ;27665;14.06.2013 12:23:00;121,99; ;34622;17.07.2013 16:09:00;99,91; ;42214;26.08.2013 14:57:00;118,31; ;49907;07.10.2013 19:07:00;123,85; ;
17125;19.04.2013 10:00:00;104,59; ;27721;14.06.2013 14:30:00;122,22; ;34656;17.07.2013 17:09:00;98,83; ;42953;28.08.2013 22:56:00;120,9; ;49942;07.10.2013 23:43:00;124,12; ;
17220;19.04.2013 13:26:00;103,47; ;27903;14.06.2013 22:20:00;123,6; ;34839;18.07.2013 12:07:00;98,54; ;43181;29.08.2013 17:51:00;121,52; ;50404;09.10.2013 19:10:00;125,77; ;
17281;19.04.2013 15:56:00;102,78; ;27941;17.06.2013 10:22:00;122,02; ;35145;19.07.2013 11:16:00;100,61; ;43594;02.09.2013 12:34:00;121,91; ;50531;10.10.2013 13:19:00;123,66; ;
17370;19.04.2013 19:20:00;102,85; ;28212;17.06.2013 22:28:00;122,89; ;35407;19.07.2013 22:40:00;102,14; ;43940;03.09.2013 18:16:00;122,97; ;50812;11.10.2013 15:26:00;123,96; ;
17437;22.04.2013 10:10:00;101,93; ;28298;18.06.2013 11:56:00;121,19; ;35766;23.07.2013 12:30:00;103,64; ;44026;04.09.2013 10:41:00;123,36; ;51132;14.10.2013 22:37:00;123,6; ;
17523;22.04.2013 14:06:00;101,52; ;28477;18.06.2013 19:46:00;120,79; ;35881;23.07.2013 17:49:00;103,14; ;44035;04.09.2013 11:04:00;122,88; ;51490;16.10.2013 15:26:00;124,23; ;
17697;22.04.2013 23:08:00;103,19; ;28552;19.06.2013 10:04:00;120,43; ;36154;24.07.2013 16:17:00;103,82; ;44197;04.09.2013 19:06:00;121,58; ;51844;18.10.2013 11:30:00;124,11; ;
17717;23.04.2013 10:32:00;102,3; ;28575;19.06.2013 10:58:00;118,93; ;36260;24.07.2013 22:03:00;103,37; ;44662;06.09.2013 14:23:00;123,42; ;52275;22.10.2013 15:20:00;124,44; ;
17784;23.04.2013 12:33:00;101,25; ;29004;20.06.2013 14:29:00;123,89; ;36338;25.07.2013 11:29:00;103,85; ;44754;06.09.2013 17:16:00;120,22; ;52918;28.10.2013 10:06:00;125,66; ;
18206;24.04.2013 19:01:00;104; ;29034;20.06.2013 15:15:00;124,43; ;36386;25.07.2013 13:17:00;103,34; ;44888;06.09.2013 23:33:00;118,19; ;53081;28.10.2013 21:37:00;124,4; ;
18246;24.04.2013 22:09:00;103,82; ;29130;20.06.2013 18:28:00;124,38; ;36593;25.07.2013 22:13:00;103,15; ;44973;09.09.2013 12:08:00;116,48; ;53272;29.10.2013 21:26:00;124,69; ;
18308;25.04.2013 11:41:00;103,58; ;29153;20.06.2013 19:25:00;124,1; ;36610;25.07.2013 23:24:00;103,47; ;45637;11.09.2013 14:12:00;120,07; ;53490;31.10.2013 10:29:00;124,43; ;
18334;25.04.2013 12:52:00;102,57; ;29174;20.06.2013 20:11:00;123,58; ;36631;26.07.2013 10:23:00;103,18; ;46006;12.09.2013 19:25:00;120,76; ;53689;01.11.2013 11:09:00;124,1; ;
18412;25.04.2013 16:30:00;102,26; ;29224;20.06.2013 22:39:00;121,75; ;36688;26.07.2013 12:45:00;101,68; ;46160;13.09.2013 13:25:00;120,54; ;53977;05.11.2013 18:24:00;123,76; ;
18637;26.04.2013 13:14:00;104,91; ;29313;21.06.2013 11:37:00;119,54; ;36978;29.07.2013 15:35:00;102,03; ;46268;13.09.2013 19:42:00;119,48; ;54271;07.11.2013 17:02:00;122,43; ;
18736;26.04.2013 17:50:00;104,79; ;29507;21.06.2013 18:38:00;118,76; ;36990;29.07.2013 16:18:00;102,15; ;46648;17.09.2013 15:42:00;122,44; ;54424;08.11.2013 13:19:00;120,93; ;
18840;26.04.2013 23:31:00;104,97; ;29619;21.06.2013 22:20:00;118,25; ;37206;30.07.2013 14:35:00;102,68; ;46682;17.09.2013 17:33:00;122,29; ;54723;12.11.2013 13:44:00;120,46; ;
18925;29.04.2013 12:42:00;104,84; ;29689;24.06.2013 10:54:00;116,73; ;37223;30.07.2013 15:38:00;102,44; ;47215;19.09.2013 18:13:00;126,75; ;54986;13.11.2013 19:51:00;119,41; ;
19146;30.04.2013 11:08:00;105,5; ;30004;24.06.2013 23:32:00;118,24; ;37353;30.07.2013 23:23:00;102,39; ;47441;20.09.2013 18:05:00;126,87; ;55154;14.11.2013 18:17:00;117,26; ;
19492;02.05.2013 14:21:00;111,12; ;30178;25.06.2013 16:22:00;118,58; ;37367;31.07.2013 10:10:00;102,09; ;47568;23.09.2013 12:35:00;126,35; ;55404;15.11.2013 21:25:00;117,02; ;
19522;02.05.2013 16:09:00;110,89; ;30264;25.06.2013 19:14:00;118,57; ;37413;31.07.2013 12:04:00;101,04; ;48004;25.09.2013 15:26:00;127,02; ;55541;18.11.2013 17:54:00;115,36; ;
19707;03.05.2013 12:23:00;111,33; ;30284;25.06.2013 20:14:00;118,77; ;37564;31.07.2013 17:59:00;101,4; ;48237;26.09.2013 14:47:00;126,97; ;55845;20.11.2013 11:01:00;115,96; ;
19780;03.05.2013 16:51:00;110,24; ;30366;26.06.2013 11:36:00;118,46; ;37612;31.07.2013 20:34:00;101,58; ;48853;01.10.2013 11:30:00;130,71; ;56081;21.11.2013 11:11:00;116,39; ;
19911;06.05.2013 11:07:00;110,78; ;30731;27.06.2013 13:41:00;122,03; ;38023;02.08.2013 13:57:00;102,82; ;49141;02.10.2013 13:46:00;130,75; ;56104;21.11.2013 12:30:00;115,67; ;
20031;06.05.2013 16:50:00;110,31; ;30865;27.06.2013 19:03:00;121,62; ;38164;02.08.2013 20:00:00;101,96; ;49337;03.10.2013 11:51:00;131,33; ;56437;25.11.2013 10:36:00;114,7; ;
20086;06.05.2013 20:17:00;109,87; ;31106;28.06.2013 15:02:00;120,73; ;38299;05.08.2013 14:42:00;101,15; ;49463;03.10.2013 19:39:00;131,46; ;56632;26.11.2013 10:57:00;113,78; ;
20172;07.05.2013 12:16:00;108,99; ;31233;28.06.2013 19:24:00;119,65; ;38797;07.08.2013 14:36:00;102,42; ;49499;03.10.2013 21:45:00;131,31; ;57423;29.11.2013 20:41:00;115,37; ;
20401;08.05.2013 12:36:00;110,98; ;31633;02.07.2013 11:32:00;121,99; ;38897;07.08.2013 19:36:00;101,59; ;49557;04.10.2013 11:15:00;130,75; ;57595;02.12.2013 18:05:00;114,26; ;
20483;08.05.2013 17:42:00;111,05; ;31806;02.07.2013 18:29:00;123,07; ;39157;08.08.2013 18:23:00;102,04; ;49594;04.10.2013 13:43:00;129,98; ;58549;06.12.2013 17:54:00;117,9; ;
20581;10.05.2013 11:26:00;111,43; ;31853;02.07.2013 22:05:00;122,13; ;39599;12.08.2013 13:35:00;103,09; ;49856;07.10.2013 16:23:00;132,04; ;59253;12.12.2013 12:21:00;120,11; ;
20769;10.05.2013 23:47:00;112,96; ;32055;03.07.2013 17:45:00;122,9; ;39714;12.08.2013 19:29:00;101,64; ;49930;07.10.2013 21:44:00;131,65; ;59562;13.12.2013 19:31:00;121,46; ;
20775;13.05.2013 10:06:00;111,61; ;32202;04.07.2013 12:06:00;122,38; ;39962;13.08.2013 23:33:00;102,84; ;50384;09.10.2013 18:13:00;132,87; ; ; ; ; ;
20903;13.05.2013 16:35:00;111,37; ;32311;04.07.2013 17:10:00;120,63; ;39991;14.08.2013 10:53:00;102,63; ;50510;10.10.2013 12:29:00;130,82; ; ; ; ; ;
21003;13.05.2013 23:17:00;111,36; ;32521;05.07.2013 14:56:00;119,69; ;40091;14.08.2013 16:45:00;102,44; ;50761;11.10.2013 12:00:00;131,89; ; ; ; ; ;
21025;14.05.2013 10:38:00;110,51; ;32882;08.07.2013 19:34:00;120,68; ;40124;14.08.2013 19:22:00;102,12; ;51112;14.10.2013 21:00:00;132,2; ; ; ; ; ;
21114;14.05.2013 13:42:00;110,51; ;33027;09.07.2013 13:42:00;119,98; ;40204;15.08.2013 11:50:00;101,14; ;51457;16.10.2013 13:40:00;133,61; ; ; ; ; ;
21143;14.05.2013 15:03:00;110,72; ;33140;09.07.2013 19:11:00;119,54; ;40783;19.08.2013 13:31:00;104,31; ;51526;16.10.2013 17:44:00;134,4; ; ; ; ; ;
21152;14.05.2013 15:22:00;110,42; ;33238;10.07.2013 11:22:00;119,02; ;40814;19.08.2013 14:47:00;103,94; ;51543;16.10.2013 18:40:00;134,36; ; ; ; ; ;
21234;14.05.2013 19:45:00;109,88; ;33452;11.07.2013 10:08:00;118; ;40842;19.08.2013 15:51:00;103,93; ;51817;18.10.2013 10:07:00;134,18; ; ; ; ; ;
21299;15.05.2013 11:10:00;109,14; ;34094;15.07.2013 14:53:00;125,33; ;40851;19.08.2013 16:19:00;104,03; ;52195;21.10.2013 23:33:00;135,72; ; ; ; ; ;
21377;15.05.2013 15:00:00;109,34; ;34172;15.07.2013 18:17:00;124,44; ;41241;21.08.2013 10:47:00;105,55; ;52218;22.10.2013 10:50:00;135,87; ; ; ; ; ;
21391;15.05.2013 15:46:00;108,67; ;34380;16.07.2013 16:52:00;124,92; ;41289;21.08.2013 12:20:00;103,77; ;52254;22.10.2013 13:20:00;135,79; ; ; ; ; ;
21456;15.05.2013 19:15:00;107,69; ;34520;17.07.2013 11:57:00;124,89; ;41513;21.08.2013 23:02:00;103,75; ;52729;24.10.2013 21:51:00;138,65; ; ; ; ; ;
21526;16.05.2013 10:35:00;106,98; ;34589;17.07.2013 14:50:00;123,61; ;41987;23.08.2013 17:00:00;105,04; ;52748;25.10.2013 10:12:00;137,86; ; ; ; ; ;
21586;16.05.2013 13:07:00;105,99; ;34647;17.07.2013 16:55:00;122,08; ;42113;26.08.2013 10:32:00;104,39; ;52887;25.10.2013 18:12:00;136,9; ; ; ; ; ;
21637;16.05.2013 15:42:00;105,21; ;34814;18.07.2013 11:16:00;122,68; ;42207;26.08.2013 14:39:00;102,94; ;53054;28.10.2013 18:04:00;136,56; ; ; ; ; ;
21823;17.05.2013 13:37:00;104,65; ;35128;19.07.2013 10:51:00;125,2; ;42911;28.08.2013 20:25:00;105,16; ;53237;29.10.2013 18:01:00;136,24; ; ; ; ; ;
22116;20.05.2013 15:36:00;107; ;35371;19.07.2013 19:33:00;126,85; ;43148;29.08.2013 16:33:00;105,78; ;53474;30.10.2013 23:16:00;135,25; ; ; ; ; ;
22188;20.05.2013 18:11:00;106,57; ;35737;23.07.2013 11:32:00;128,66; ;43220;29.08.2013 20:10:00;105,88; ;53653;31.10.2013 21:34:00;134,81; ; ; ; ; ;
22269;21.05.2013 10:39:00;106,72; ;35846;23.07.2013 16:08:00;128,64; ;43232;29.08.2013 21:15:00;105,63; ;53953;05.11.2013 16:26:00;134,52; ; ; ; ; ;
22359;21.05.2013 14:40:00;106,52; ;36134;24.07.2013 15:33:00;130,4; ;43268;29.08.2013 23:32:00;105,81; ;54280;07.11.2013 17:30:00;133,29; ; ; ; ; ;
22612;22.05.2013 13:31:00;109,19; ;36232;24.07.2013 19:32:00;129,93; ;43292;30.08.2013 10:46:00;105,51; ;54403;08.11.2013 12:10:00;131,51; ; ; ; ; ;
22665;22.05.2013 15:54:00;108,33; ;36292;25.07.2013 10:06:00;130,47; ;43573;02.09.2013 11:46:00;105,58; ;54709;12.11.2013 12:45:00;131,08; ; ; ; ; ;
22784;22.05.2013 21:32:00;108,15; ;36354;25.07.2013 12:06:00;130,7; ;43892;03.09.2013 16:22:00;106,19; ;54968;13.11.2013 19:00:00;129,73; ; ; ; ; ;
23113;23.05.2013 22:35:00;112,09; ;36517;25.07.2013 18:10:00;130,79; ;43985;03.09.2013 21:11:00;105,89; ;55125;14.11.2013 16:47:00;127,41; ; ; ; ; ;
23184;24.05.2013 11:33:00;111,78; ;36531;25.07.2013 18:39:00;130; ;44029;04.09.2013 10:50:00;105,43; ;55378;15.11.2013 18:34:00;127,5; ; ; ; ; ;
23337;24.05.2013 16:52:00;114,37; ;36572;25.07.2013 20:56:00;129,58; ;44172;04.09.2013 17:52:00;105,11; ;55516;18.11.2013 15:57:00;126,75; ; ; ; ; ;
23388;24.05.2013 18:17:00;114,01; ;36579;25.07.2013 21:20:00;129,48; ;44631;06.09.2013 13:02:00;107,43; ;55808;19.11.2013 22:41:00;128,64; ; ; ; ; ;
23437;24.05.2013 22:34:00;113,58; ;36615;25.07.2013 23:36:00;129,19; ;44739;06.09.2013 16:53:00;104,81; ;56039;20.11.2013 23:00:00;128,54; ; ; ; ; ;
23509;27.05.2013 12:17:00;113,55; ;36686;26.07.2013 12:42:00;127,69; ;44857;06.09.2013 21:28:00;103,29; ;56113;21.11.2013 13:02:00;127,52; ; ; ; ; ;
23627;27.05.2013 16:48:00;114,39; ;36898;29.07.2013 11:34:00;127,49; ;44948;09.09.2013 11:35:00;101,88; ;56427;25.11.2013 10:08:00;126,78; ; ; ; ; ;
23807;28.05.2013 15:18:00;116,24; ;36941;29.07.2013 13:45:00;126,7; ;45107;09.09.2013 17:07:00;101,65; ;56610;26.11.2013 10:05:00;126,1; ; ; ; ; ;
23857;28.05.2013 18:17:00;116,14; ;36956;29.07.2013 14:31:00;126,34; ;45164;09.09.2013 19:35:00;100,74; ;57398;29.11.2013 19:00:00;128,56; ; ; ; ; ;
23877;28.05.2013 19:30:00;115,03; ;36961;29.07.2013 14:41:00;126,15; ;45634;11.09.2013 14:04:00;103,12; ;57576;02.12.2013 16:49:00;127,68; ; ; ; ; ;
24263;30.05.2013 12:11:00;118,04; ;37139;30.07.2013 11:24:00;126,16; ;45976;12.09.2013 18:07:00;103,96; ;58276;05.12.2013 15:42:00;131,35; ; ; ; ; ;
24314;30.05.2013 14:12:00;116,29; ;37200;30.07.2013 14:18:00;125,18; ;46129;13.09.2013 12:14:00;103,91; ;58340;05.12.2013 18:44:00;129,7; ; ; ; ; ;
24366;30.05.2013 16:00:00;115,2; ;37305;30.07.2013 20:08:00;125,12; ;46253;13.09.2013 18:27:00;103,4; ;58515;06.12.2013 16:08:00;128,96; ; ; ; ; ;
24416;30.05.2013 17:37:00;114,4; ;37335;30.07.2013 22:04:00;125,03; ;46615;17.09.2013 13:15:00;106,58; ;59227;12.12.2013 11:09:00;131,51; ; ; ; ; ;
24472;30.05.2013 20:01:00;113,3; ;37407;31.07.2013 11:52:00;124,14; ;46692;17.09.2013 18:07:00;106,11; ;59519;13.12.2013 16:00:00;132,53; ; ; ; ; ;
24562;31.05.2013 11:17:00;112,73; ;37521;31.07.2013 16:34:00;123,85; ;46946;18.09.2013 21:48:00;107,09; ;59592;13.12.2013 23:35:00;132,61; ; ; ; ; ;
24662;31.05.2013 14:37:00;113,67; ;37585;31.07.2013 18:43:00;123,04; ;46970;18.09.2013 22:33:00;105,33; ; ; ; ; ; ; ; ; ;
24700;31.05.2013 16:19:00;113,3; ;38006;02.08.2013 13:05:00;124,28; ;47172;19.09.2013 16:10:00;106,37; ; ; ; ; ; ; ; ; ;
24782;31.05.2013 19:16:00;112,92; ;38141;02.08.2013 18:30:00;123,04; ;47411;20.09.2013 16:35:00;106,79; ; ; ; ; ; ; ; ; ;
24849;31.05.2013 23:22:00;111,69; ;38270;05.08.2013 13:26:00;122,59; ;47540;23.09.2013 11:08:00;106,37; ; ; ; ; ; ; ; ; ;
24932;03.06.2013 11:45:00;110,71; ;38771;07.08.2013 13:31:00;124,99; ;48001;25.09.2013 15:19:00;106,71; ; ; ; ; ; ; ; ; ;
25087;03.06.2013 16:34:00;111,22; ;38868;07.08.2013 18:11:00;124,13; ;48214;26.09.2013 13:27:00;106,39; ; ; ; ; ; ; ; ; ;
25219;03.06.2013 22:27:00;111,53; ;38966;08.08.2013 10:37:00;123,24; ;48376;27.09.2013 10:17:00;106,44; ; ; ; ; ; ; ; ; ;
25364;04.06.2013 13:54:00;112,62; ;39014;08.08.2013 12:16:00;121,8; ;48377;27.09.2013 10:18:00;106,4; ; ; ; ; ; ; ; ; ;
25476;04.06.2013 17:52:00;113,28; ;39123;08.08.2013 16:59:00;121,82; ;48827;01.10.2013 10:40:00;109,27; ; ; ; ; ; ; ; ; ;
25492;04.06.2013 18:23:00;112,51; ;39369;09.08.2013 15:36:00;122,74; ;49122;02.10.2013 12:24:00;108,87; ; ; ; ; ; ; ; ; ;
25671;05.06.2013 12:25:00;112,35; ;39376;09.08.2013 16:07:00;122,5; ;49309;03.10.2013 10:35:00;108,78; ; ; ; ; ; ; ; ; ;
25743;05.06.2013 14:53:00;110,99; ;39575;12.08.2013 12:19:00;123,37; ;49391;03.10.2013 15:20:00;108,41; ; ; ; ; ; ; ; ; ;
25942;06.06.2013 10:16:00;111,58; ;39702;12.08.2013 18:28:00;122,63; ;49467;03.10.2013 19:49:00;108,39; ; ; ; ; ; ; ; ; ;
26045;06.06.2013 13:59:00;111,72; ;39909;13.08.2013 19:06:00;123,89; ;49536;04.10.2013 10:21:00;108,49; ; ; ; ; ; ; ; ; ;
26124;06.06.2013 16:52:00;111,91; ;39969;14.08.2013 10:01:00;123,19; ;49602;04.10.2013 13:59:00;107,78; ; ; ; ; ; ; ; ; ;
26134;06.06.2013 17:11:00;111,07; ;40051;14.08.2013 14:17:00;122,75; ;49819;07.10.2013 13:53:00;108,97; ; ; ; ; ; ; ; ; ;
26212;06.06.2013 20:02:00;111,09; ;40108;14.08.2013 18:01:00;121,78; ;49906;07.10.2013 19:02:00;108,31; ; ; ; ; ; ; ; ; ;
26233;06.06.2013 21:01:00;111,23; ;40185;15.08.2013 11:06:00;120,63; ;50369;09.10.2013 17:41:00;109,17; ; ; ; ; ; ; ; ; ;
26272;06.06.2013 22:50:00;110,46; ;40752;19.08.2013 12:02:00;124,55; ;50485;10.10.2013 11:26:00;108,18; ; ; ; ; ; ; ; ; ;
26358;07.06.2013 12:18:00;110,25; ;40794;19.08.2013 13:56:00;124,16; ;50735;11.10.2013 11:00:00;109,73; ; ; ; ; ; ; ; ; ;
26407;07.06.2013 13:50:00;109,29; ;40813;19.08.2013 14:41:00;124,28; ;51093;14.10.2013 19:36:00;110,24; ; ; ; ; ; ; ; ; ;
26573;07.06.2013 21:00:00;110,47; ;40827;19.08.2013 15:17:00;124,12; ;51405;16.10.2013 11:03:00;111,15; ; ; ; ; ; ; ; ; ;
26621;10.06.2013 10:11:00;108,71; ;41217;21.08.2013 10:03:00;126,54; ;51487;16.10.2013 15:22:00;111,12; ; ; ; ; ; ; ; ; ;
26708;10.06.2013 14:08:00;108,72; ;41284;21.08.2013 12:12:00;124,93; ;51539;16.10.2013 18:21:00;111,12; ; ; ; ; ; ; ; ; ;
26920;11.06.2013 11:18:00;110,84; ;41498;21.08.2013 22:33:00;124,77; ;51787;17.10.2013 21:03:00;111,82; ; ; ; ; ; ; ; ; ;
26923;11.06.2013 11:22:00;110,18; ;41840;23.08.2013 10:36:00;126,87; ;52160;21.10.2013 18:41:00;113,84; ; ; ; ; ; ; ; ; ;
27153;11.06.2013 19:46:00;112,14; ;41845;23.08.2013 10:43:00;126,57; ;52193;21.10.2013 23:16:00;113,81; ; ; ; ; ; ; ; ; ;
27224;11.06.2013 23:13:00;111,93; ;41958;23.08.2013 15:41:00;125,83; ;52221;22.10.2013 11:02:00;113,76; ; ; ; ; ; ; ; ; ;
27479;13.06.2013 17:54:00;115,29; ;42103;26.08.2013 10:12:00;125,18; ;52378;22.10.2013 23:47:00;113,71; ; ; ; ; ; ; ; ; ;
27635;14.06.2013 11:23:00;114,92; ;42185;26.08.2013 13:26:00;124,07; ;52413;23.10.2013 12:00:00;112,48; ; ; ; ; ; ; ; ; ;
27687;14.06.2013 13:08:00;114,38; ;42623;27.08.2013 23:40:00;126,78; ;52691;24.10.2013 18:11:00;113,96; ; ; ; ; ; ; ; ; ;
27867;14.06.2013 20:39:00;115,6; ;42631;28.08.2013 10:05:00;126,9; ;52734;24.10.2013 22:50:00;114,18; ; ; ; ; ; ; ; ; ;
27932;17.06.2013 10:09:00;114,55; ;42745;28.08.2013 13:58:00;127,48; ;52859;25.10.2013 16:35:00;114,16; ; ; ; ; ; ; ; ; ;
28154;17.06.2013 18:08:00;115,87; ;42764;28.08.2013 14:26:00;126,66; ;53035;28.10.2013 16:48:00;113,8; ; ; ; ; ; ; ; ; ;
28195;17.06.2013 21:46:00;115,49; ;42872;28.08.2013 18:14:00;125,87; ;53215;29.10.2013 17:04:00;113,32; ; ; ; ; ; ; ; ; ;
28219;17.06.2013 22:43:00;114,64; ;43106;29.08.2013 14:46:00;125,76; ;53455;30.10.2013 22:16:00;112,32; ; ; ; ; ; ; ; ; ;
28283;18.06.2013 11:33:00;113,27; ;43188;29.08.2013 18:06:00;125,19; ;53622;31.10.2013 18:32:00;112,11; ; ; ; ; ; ; ; ; ;
28452;18.06.2013 18:31:00;113,64; ;43258;29.08.2013 23:07:00;124,94; ;53944;05.11.2013 15:44:00;112,09; ; ; ; ; ; ; ; ; ;
28518;18.06.2013 21:44:00;113,55; ;43553;02.09.2013 11:03:00;125,9; ;54116;06.11.2013 15:51:00;112,21; ; ; ; ; ; ; ; ; ;
28569;19.06.2013 10:50:00;112,53; ;43727;02.09.2013 23:40:00;126,98; ;54191;07.11.2013 10:44:00;111,89; ; ; ; ; ; ; ; ; ;
28741;19.06.2013 17:46:00;114,09; ;43734;03.09.2013 10:17:00;126,01; ;54274;07.11.2013 17:11:00;110,54; ; ; ; ; ; ; ; ; ;
28750;19.06.2013 18:04:00;114,29; ;43861;03.09.2013 15:09:00;125,91; ;54379;08.11.2013 10:45:00;108,85; ; ; ; ; ; ; ; ; ;
28805;19.06.2013 21:59:00;114,2; ;43952;03.09.2013 19:03:00;125,75; ;54706;12.11.2013 12:35:00;108,03; ; ; ; ; ; ; ; ; ;
28813;19.06.2013 22:12:00;113,89; ;44014;04.09.2013 10:03:00;125,41; ;54966;13.11.2013 18:43:00;106,62; ; ; ; ; ; ; ; ; ;
28968;20.06.2013 13:24:00;116,12; ;44142;04.09.2013 16:27:00;125,74; ;55093;14.11.2013 14:23:00;104,4; ; ; ; ; ; ; ; ; ;
29015;20.06.2013 14:46:00;114,91; ;44372;05.09.2013 14:35:00;127,28; ;55345;15.11.2013 16:07:00;104,93; ; ; ; ; ; ; ; ; ;
29079;20.06.2013 16:56:00;114,63; ;44395;05.09.2013 15:29:00;127,42; ;55517;18.11.2013 15:58:00;104,8; ; ; ; ; ; ; ; ; ;
29082;20.06.2013 17:02:00;114,48; ;44399;05.09.2013 15:48:00;127,34; ;55784;19.11.2013 20:50:00;106,18; ; ; ; ; ; ; ; ; ;
29083;20.06.2013 17:03:00;114,38; ;44422;05.09.2013 16:47:00;126,9; ;56016;20.11.2013 20:05:00;106,11; ; ; ; ; ; ; ; ; ;
29085;20.06.2013 17:05:00;114,31; ;44594;06.09.2013 11:33:00;128,74; ;56101;21.11.2013 12:17:00;105,21; ; ; ; ; ; ; ; ; ;
29123;20.06.2013 18:16:00;114,52; ;44724;06.09.2013 16:27:00;128,05; ;56268;22.11.2013 12:09:00;104,87; ; ; ; ; ; ; ; ; ;
29153;20.06.2013 19:25:00;114,64; ;44827;06.09.2013 19:26:00;127,71; ;56315;22.11.2013 14:58:00;103,85; ; ; ; ; ; ; ; ; ;
29170;20.06.2013 20:04:00;114,27; ;44912;09.09.2013 10:27:00;126,71; ;56411;22.11.2013 22:01:00;102,8; ; ; ; ; ; ; ; ; ;
29220;20.06.2013 22:31:00;112,9; ;45076;09.09.2013 15:42:00;126,96; ;56589;25.11.2013 21:29:00;102,4; ; ; ; ; ; ; ; ; ;
29290;21.06.2013 10:48:00;111,59; ;45147;09.09.2013 18:19:00;125,9; ;56941;27.11.2013 14:54:00;104,15; ; ; ; ; ; ; ; ; ;
29373;21.06.2013 13:31:00;112,15; ;45464;10.09.2013 18:01:00;129,53; ;56967;27.11.2013 16:26:00;104,45; ; ; ; ; ; ; ; ; ;
29385;21.06.2013 13:56:00;112,06; ;45501;10.09.2013 21:03:00;129,2; ;56973;27.11.2013 16:54:00;104,42; ; ; ; ; ; ; ; ; ;
29484;21.06.2013 18:01:00;112,25; ;45614;11.09.2013 13:06:00;128,37; ;56982;27.11.2013 17:22:00;104,38; ; ; ; ; ; ; ; ; ;
29592;21.06.2013 21:23:00;112,75; ;45948;12.09.2013 17:10:00;129,54; ;57118;28.11.2013 12:56:00;104,33; ; ; ; ; ; ; ; ; ;
29661;24.06.2013 10:12:00;111,24; ;46091;13.09.2013 10:59:00;129,8; ;57166;28.11.2013 15:50:00;103,44; ; ; ; ; ; ; ; ; ;
29741;24.06.2013 12:31:00;111,29; ;46210;13.09.2013 16:23:00;129,69; ;57378;29.11.2013 17:40:00;103,13; ; ; ; ; ; ; ; ; ;
29759;24.06.2013 13:10:00;111,54; ;46220;13.09.2013 16:45:00;129,14; ;57552;02.12.2013 15:05:00;102,6; ; ; ; ; ; ; ; ; ;
29819;24.06.2013 16:00:00;111,48; ;46223;13.09.2013 16:54:00;129,02; ;58249;05.12.2013 14:12:00;105,88; ; ; ; ; ; ; ; ; ;
29850;24.06.2013 17:11:00;111,04; ;46224;13.09.2013 16:55:00;129,05; ;58335;05.12.2013 18:30:00;105,03; ; ; ; ; ; ; ; ; ;
29973;24.06.2013 22:05:00;112,43; ;46226;13.09.2013 17:04:00;128,87; ;58480;06.12.2013 13:58:00;104,66; ; ; ; ; ; ; ; ; ;
30162;25.06.2013 15:46:00;113; ;46233;13.09.2013 17:33:00;128,75; ;59035;11.12.2013 13:43:00;106,79; ; ; ; ; ; ; ; ; ;
30222;25.06.2013 17:39:00;112,63; ;46256;13.09.2013 18:39:00;127,36; ;59089;11.12.2013 16:21:00;105,73; ; ; ; ; ; ; ; ; ;
30264;25.06.2013 19:14:00;112,09; ;46587;17.09.2013 12:04:00;130,85; ;59201;12.12.2013 10:03:00;104,45; ; ; ; ; ; ; ; ; ;
30320;25.06.2013 23:39:00;111,66; ;46661;17.09.2013 16:19:00;130,5; ;59474;13.12.2013 13:21:00;105,08; ; ; ; ; ; ; ; ; ;
30478;26.06.2013 16:40:00;112,64; ;46913;18.09.2013 19:09:00;131,42; ;59563;13.12.2013 19:35:00;105,24; ; ; ; ; ; ; ; ; ;
30512;26.06.2013 17:41:00;111,14; ;46970;18.09.2013 22:33:00;128,83; ; ; ; ; ; ; ; ; ; ; ; ; ;
30691;27.06.2013 12:15:00;112,12; ;47127;19.09.2013 13:59:00;130,62; ; ; ; ; ; ; ; ; ; ; ; ; ;
30848;27.06.2013 18:17:00;111,86; ;47192;19.09.2013 17:18:00;130,73; ; ; ; ; ; ; ; ; ; ; ; ; ;
30919;27.06.2013 21:00:00;111,94; ;47209;19.09.2013 18:00:00;130,38; ; ; ; ; ; ; ; ; ; ; ; ; ;
30950;27.06.2013 22:54:00;111,99; ;47387;20.09.2013 15:20:00;130,56; ; ; ; ; ; ; ; ; ; ; ; ; ;
31085;28.06.2013 14:18:00;112,12; ;47505;20.09.2013 22:27:00;130,01; ; ; ; ; ; ; ; ; ; ; ; ; ;
31218;28.06.2013 18:42:00;111,81; ;47985;25.09.2013 14:40:00;130,99; ; ; ; ; ; ; ; ; ; ; ; ; ;
31303;28.06.2013 23:45:00;111,51; ;48208;26.09.2013 13:09:00;130,75; ; ; ; ; ; ; ; ; ; ; ; ; ;
31324;01.07.2013 10:38:00;111,34; ;48312;26.09.2013 19:13:00;130,66; ; ; ; ; ; ; ; ; ; ; ; ; ;
31394;01.07.2013 13:31:00;111,8; ;48363;26.09.2013 23:37:00;130,86; ; ; ; ; ; ; ; ; ; ; ; ; ;
31416;01.07.2013 14:11:00;110,98; ;48804;30.09.2013 23:34:00;135,77; ; ; ; ; ; ; ; ; ; ; ; ; ;
31604;02.07.2013 10:24:00;111,55; ;49105;02.10.2013 11:30:00;136,42; ; ; ; ; ; ; ; ; ; ; ; ; ;
31772;02.07.2013 17:16:00;112,37; ;49285;02.10.2013 22:55:00;136,28; ; ; ; ; ; ; ; ; ; ; ; ; ;
31833;02.07.2013 20:31:00;112,13; ;49363;03.10.2013 13:43:00;135,54; ; ; ; ; ; ; ; ; ; ; ; ; ;
32022;03.07.2013 16:28:00;113,21; ;49435;03.10.2013 17:50:00;134,94; ; ; ; ; ; ; ; ; ; ; ; ; ;
32179;04.07.2013 11:04:00;113,08; ;49504;03.10.2013 22:03:00;135,2; ; ; ; ; ; ; ; ; ; ; ; ; ;
32293;04.07.2013 16:43:00;113,46; ;49573;04.10.2013 12:31:00;135,47; ; ; ; ; ; ; ; ; ; ; ; ; ;
32504;05.07.2013 14:24:00;114,38; ;49787;07.10.2013 12:01:00;136,86; ; ; ; ; ; ; ; ; ; ; ; ; ;
32659;05.07.2013 22:27:00;115,02; ;49877;07.10.2013 17:47:00;136,04; ; ; ; ; ; ; ; ; ; ; ; ; ;
32682;08.07.2013 10:07:00;114,36; ;50044;08.10.2013 13:44:00;136,46; ; ; ; ; ; ; ; ; ; ; ; ; ;
32756;08.07.2013 13:23:00;114,03; ;50077;08.10.2013 14:55:00;134,88; ; ; ; ; ; ; ; ; ; ; ; ; ;
32777;08.07.2013 14:17:00;113,03; ;50224;09.10.2013 10:55:00;135,57; ; ; ; ; ; ; ; ; ; ; ; ; ;
32854;08.07.2013 18:07:00;112,4; ;50252;09.10.2013 11:51:00;134,25; ; ; ; ; ; ; ; ; ; ; ; ; ;
33008;09.07.2013 12:48:00;112,06; ;50345;09.10.2013 16:30:00;132,68; ; ; ; ; ; ; ; ; ; ; ; ; ;
33102;09.07.2013 17:31:00;112,11; ;50456;09.10.2013 23:48:00;132,46; ; ; ; ; ; ; ; ; ; ; ; ; ;
33224;10.07.2013 10:44:00;112,09; ;50702;10.10.2013 23:14:00;134,99; ; ; ; ; ; ; ; ; ; ; ; ; ;
33440;10.07.2013 23:32:00;113,63; ;50829;11.10.2013 16:16:00;135,65; ; ; ; ; ; ; ; ; ; ; ; ; ;
33544;11.07.2013 14:31:00;115,77; ;50838;11.10.2013 16:42:00;135,6; ; ; ; ; ; ; ; ; ; ; ; ; ;
33574;11.07.2013 16:00:00;114,32; ;51061;14.10.2013 17:15:00;136,65; ; ; ; ; ; ; ; ; ; ; ; ; ;
34069;15.07.2013 13:52:00;120,59; ;51380;15.10.2013 23:18:00;138,67; ; ; ; ; ; ; ; ; ; ; ; ; ;
34148;15.07.2013 17:27:00;119,95; ;51452;16.10.2013 13:20:00;137,89; ; ; ; ; ; ; ; ; ; ; ; ; ;
34358;16.07.2013 15:52:00;120,57; ;51517;16.10.2013 16:56:00;137,44; ; ; ; ; ; ; ; ; ; ; ; ; ;
34493;17.07.2013 10:48:00;121,86; ;51756;17.10.2013 18:08:00;138,83; ; ; ; ; ; ; ; ; ; ; ; ; ;
34567;17.07.2013 13:35:00;121,58; ;52128;21.10.2013 16:54:00;141,93; ; ; ; ; ; ; ; ; ; ; ; ; ;
34622;17.07.2013 16:09:00;120,91; ;52178;21.10.2013 20:59:00;141,95; ; ; ; ; ; ; ; ; ; ; ; ; ;
34794;18.07.2013 10:35:00;122,21; ;52241;22.10.2013 12:07:00;141,73; ; ; ; ; ; ; ; ; ; ; ; ; ;
35017;18.07.2013 19:00:00;124,97; ;52353;22.10.2013 20:37:00;141,91; ; ; ; ; ; ; ; ; ; ; ; ; ;
35039;18.07.2013 19:59:00;124,2; ;52410;23.10.2013 11:51:00;140,79; ; ; ; ; ; ; ; ; ; ; ; ; ;
35106;19.07.2013 10:04:00;123,66; ;52657;24.10.2013 16:25:00;142,35; ; ; ; ; ; ; ; ; ; ; ; ; ;
35185;19.07.2013 13:06:00;123,88; ;52719;24.10.2013 20:43:00;141,91; ; ; ; ; ; ; ; ; ; ; ; ; ;
35216;19.07.2013 14:18:00;123,3; ;52837;25.10.2013 14:38:00;142,11; ; ; ; ; ; ; ; ; ; ; ; ; ;
35329;19.07.2013 17:58:00;125,2; ;53015;28.10.2013 15:37:00;141,97; ; ; ; ; ; ; ; ; ; ; ; ; ;
35446;22.07.2013 11:00:00;126,59; ;53197;29.10.2013 16:20:00;141,75; ; ; ; ; ; ; ; ; ; ; ; ; ;
35447;22.07.2013 11:01:00;126,62; ;53288;30.10.2013 10:23:00;141,77; ; ; ; ; ; ; ; ; ; ; ; ; ;
35532;22.07.2013 14:08:00;126,81; ;53330;30.10.2013 12:20:00;140,79; ; ; ; ; ; ; ; ; ; ; ; ; ;
35562;22.07.2013 15:18:00;126,64; ;53430;30.10.2013 19:35:00;139,77; ; ; ; ; ; ; ; ; ; ; ; ; ;
35712;23.07.2013 10:28:00;127,23; ;53594;31.10.2013 17:23:00;139,66; ; ; ; ; ; ; ; ; ; ; ; ; ;
35785;23.07.2013 13:10:00;127,42; ;53929;05.11.2013 14:32:00;139,23; ; ; ; ; ; ; ; ; ; ; ; ; ;
35814;23.07.2013 14:39:00;127,96; ;54085;06.11.2013 14:06:00;139,41; ; ; ; ; ; ; ; ; ; ; ; ; ;
35838;23.07.2013 15:40:00;128,09; ;54163;06.11.2013 20:50:00;139,06; ; ; ; ; ; ; ; ; ; ; ; ; ;
36075;24.07.2013 13:00:00;130,42; ;54264;07.11.2013 16:47:00;137,65; ; ; ; ; ; ; ; ; ; ; ; ; ;
36103;24.07.2013 14:11:00;129,93; ;54357;07.11.2013 23:03:00;135,84; ; ; ; ; ; ; ; ; ; ; ; ; ;
36136;24.07.2013 15:37:00;128,59; ;54690;12.11.2013 11:37:00;135,84; ; ; ; ; ; ; ; ; ; ; ; ; ;
36205;24.07.2013 18:13:00;127,26; ;54958;13.11.2013 18:22:00;135,16; ; ; ; ; ; ; ; ; ; ; ; ; ;
36262;24.07.2013 22:06:00;126,3; ;55062;14.11.2013 11:56:00;133,16; ; ; ; ; ; ; ; ; ; ; ; ; ;
36317;25.07.2013 10:49:00;126,06; ;55312;15.11.2013 14:23:00;133,38; ; ; ; ; ; ; ; ; ; ; ; ; ;
36365;25.07.2013 12:27:00;126,15; ;55385;15.11.2013 19:16:00;133,4; ; ; ; ; ; ; ; ; ; ; ; ; ;
36375;25.07.2013 12:54:00;125,7; ;55414;15.11.2013 23:13:00;133,61; ; ; ; ; ; ; ; ; ; ; ; ; ;
36472;25.07.2013 16:30:00;126,06; ;55487;18.11.2013 13:43:00;133,39; ; ; ; ; ; ; ; ; ; ; ; ; ;
36496;25.07.2013 17:31:00;125,75; ;55755;19.11.2013 18:42:00;136,16; ; ; ; ; ; ; ; ; ; ; ; ; ;
36535;25.07.2013 19:00:00;125,64; ;55993;20.11.2013 18:43:00;136,42; ; ; ; ; ; ; ; ; ; ; ; ; ;
36560;25.07.2013 20:18:00;125,6; ;56077;21.11.2013 10:57:00;135,75; ; ; ; ; ; ; ; ; ; ; ; ; ;
36602;25.07.2013 22:50:00;125,18; ;56240;22.11.2013 10:08:00;135,84; ; ; ; ; ; ; ; ; ; ; ; ; ;
36667;26.07.2013 11:58:00;124; ;56308;22.11.2013 14:34:00;134,88; ; ; ; ; ; ; ; ; ; ; ; ; ;
36757;26.07.2013 17:06:00;124,05; ;56387;22.11.2013 19:18:00;133,88; ; ; ; ; ; ; ; ; ; ; ; ; ;
36790;26.07.2013 19:00:00;123,31; ;56572;25.11.2013 19:24:00;133,46; ; ; ; ; ; ; ; ; ; ; ; ; ;
36862;29.07.2013 10:03:00;122,95; ;56919;27.11.2013 13:57:00;134,85; ; ; ; ; ; ; ; ; ; ; ; ; ;
36913;29.07.2013 12:11:00;122,91; ;56983;27.11.2013 17:23:00;134,13; ; ; ; ; ; ; ; ; ; ; ; ; ;
36928;29.07.2013 12:58:00;123,16; ;57084;28.11.2013 11:09:00;134,09; ; ; ; ; ; ; ; ; ; ; ; ; ;
36937;29.07.2013 13:33:00;123,41; ;57156;28.11.2013 15:23:00;132,94; ; ; ; ; ; ; ; ; ; ; ; ; ;
36997;29.07.2013 16:51:00;123,39; ;57350;29.11.2013 15:58:00;132,86; ; ; ; ; ; ; ; ; ; ; ; ; ;
37009;29.07.2013 17:20:00;123,28; ;57531;02.12.2013 13:44:00;133,06; ; ; ; ; ; ; ; ; ; ; ; ; ;
37113;30.07.2013 10:02:00;123,5; ;57989;04.12.2013 13:42:00;136,4; ; ; ; ; ; ; ; ; ; ; ; ; ;
37181;30.07.2013 13:28:00;122,72; ;58010;04.12.2013 14:57:00;136,18; ; ; ; ; ; ; ; ; ; ; ; ; ;
37259;30.07.2013 17:40:00;122,02; ;58211;05.12.2013 11:55:00;137,35; ; ; ; ; ; ; ; ; ; ; ; ; ;
37317;30.07.2013 20:45:00;121,36; ;58328;05.12.2013 18:06:00;135,75; ; ; ; ; ; ; ; ; ; ; ; ; ;
37379;31.07.2013 10:30:00;121,51; ;58453;06.12.2013 12:52:00;134,7; ; ; ; ; ; ; ; ; ; ; ; ; ;
37484;31.07.2013 15:03:00;122,41; ;58885;10.12.2013 14:37:00;137,16; ; ; ; ; ; ; ; ; ; ; ; ; ;
37566;31.07.2013 18:01:00;121,76; ;58922;10.12.2013 17:38:00;136,31; ; ; ; ; ; ; ; ; ; ; ; ; ;
37985;02.08.2013 12:11:00;123,71; ;59002;11.12.2013 12:11:00;135,82; ; ; ; ; ; ; ; ; ; ; ; ; ;
38135;02.08.2013 18:19:00;123,62; ;59069;11.12.2013 15:13:00;135,03; ; ; ; ; ; ; ; ; ; ; ; ; ;
38223;05.08.2013 11:02:00;123,47; ;59178;11.12.2013 21:48:00;134,21; ; ; ; ; ; ; ; ; ; ; ; ; ;
38266;05.08.2013 13:18:00;123,03; ;59444;13.12.2013 11:40:00;134,98; ; ; ; ; ; ; ; ; ; ; ; ; ;
38298;05.08.2013 14:40:00;122,36; ;59531;13.12.2013 16:57:00;134,65; ; ; ; ; ; ; ; ; ; ; ; ; ;
38751;07.08.2013 12:29:00;124,48; ;59579;13.12.2013 21:13:00;134,63; ; ; ; ; ; ; ; ; ; ; ; ; ;
38847;07.08.2013 17:27:00;123,93; ; ; ; ; ; ; ; ; ; ; ; ; ; ; ; ; ;
38938;07.08.2013 23:03:00;123,78; ; ; ; ; ; ; ; ; ; ; ; ; ; ; ; ; ;
39004;08.08.2013 12:00:00;122,22; ; ; ; ; ; ; ; ; ; ; ; ; ; ; ; ; ;
39089;08.08.2013 15:26:00;121,1; ; ; ; ; ; ; ; ; ; ; ; ; ; ; ; ; ;
39180;08.08.2013 19:28:00;121,1; ; ; ; ; ; ; ; ; ; ; ; ; ; ; ; ; ;
39202;08.08.2013 20:44:00;120,95; ; ; ; ; ; ; ; ; ; ; ; ; ; ; ; ; ;
39339;09.08.2013 14:05:00;120,95; ; ; ; ; ; ; ; ; ; ; ; ; ; ; ; ; ;
39370;09.08.2013 15:39:00;120,46; ; ; ; ; ; ; ; ; ; ; ; ; ; ; ; ; ;
39538;12.08.2013 10:53:00;121,25; ; ; ; ; ; ; ; ; ; ; ; ; ; ; ; ; ;
39680;12.08.2013 17:40:00;121,02; ; ; ; ; ; ; ; ; ; ; ; ; ; ; ; ; ;
39879;13.08.2013 17:51:00;123,14; ; ; ; ; ; ; ; ; ; ; ; ; ; ; ; ; ;
39944;13.08.2013 21:34:00;122,67; ; ; ; ; ; ; ; ; ; ; ; ; ; ; ; ; ;
40024;14.08.2013 12:34:00;122,14; ; ; ; ; ; ; ; ; ; ; ; ; ; ; ; ; ;
40081;14.08.2013 16:05:00;121,66; ; ; ; ; ; ; ; ; ; ; ; ; ; ; ; ; ;
40163;15.08.2013 10:06:00;121,53; ; ; ; ; ; ; ; ; ; ; ; ; ; ; ; ; ;
40418;15.08.2013 23:09:00;123,87; ; ; ; ; ; ; ; ; ; ; ; ; ; ; ; ; ;
40451;16.08.2013 10:53:00;123,5; ; ; ; ; ; ; ; ; ; ; ; ; ; ; ; ; ;
40722;19.08.2013 11:04:00;125,53; ; ; ; ; ; ; ; ; ; ; ; ; ; ; ; ; ;
40767;19.08.2013 12:41:00;125,32; ; ; ; ; ; ; ; ; ; ; ; ; ; ; ; ; ;
40787;19.08.2013 13:39:00;125,17; ; ; ; ; ; ; ; ; ; ; ; ; ; ; ; ; ;
40804;19.08.2013 14:19:00;124,67; ; ; ; ; ; ; ; ; ; ; ; ; ; ; ; ; ;
40820;19.08.2013 15:00:00;124,32; ; ; ; ; ; ; ; ; ; ; ; ; ; ; ; ; ;
40827;19.08.2013 15:17:00;124,2; ; ; ; ; ; ; ; ; ; ; ; ; ; ; ; ; ;
40868;19.08.2013 17:19:00;123,84; ; ; ; ; ; ; ; ; ; ; ; ; ; ; ; ; ;
40910;19.08.2013 19:19:00;123,2; ; ; ; ; ; ; ; ; ; ; ; ; ; ; ; ; ;
41084;20.08.2013 15:15:00;124,92; ; ; ; ; ; ; ; ; ; ; ; ; ; ; ; ; ;
41126;20.08.2013 17:31:00;124,46; ; ; ; ; ; ; ; ; ; ; ; ; ; ; ; ; ;
41186;20.08.2013 21:12:00;124,23; ; ; ; ; ; ; ; ; ; ; ; ; ; ; ; ; ;
41282;21.08.2013 12:07:00;122,74; ; ; ; ; ; ; ; ; ; ; ; ; ; ; ; ; ;
41463;21.08.2013 20:43:00;123,14; ; ; ; ; ; ; ; ; ; ; ; ; ; ; ; ; ;
41559;22.08.2013 11:08:00;123,23; ; ; ; ; ; ; ; ; ; ; ; ; ; ; ; ; ;
41588;22.08.2013 11:56:00;122,75; ; ; ; ; ; ; ; ; ; ; ; ; ; ; ; ; ;
41778;22.08.2013 20:51:00;123,87; ; ; ; ; ; ; ; ; ; ; ; ; ; ; ; ; ;
41813;22.08.2013 23:16:00;123,52; ; ; ; ; ; ; ; ; ; ; ; ; ; ; ; ; ;
41939;23.08.2013 14:46:00;123,37; ; ; ; ; ; ; ; ; ; ; ; ; ; ; ; ; ;
42007;23.08.2013 17:55:00;123,47; ; ; ; ; ; ; ; ; ; ; ; ; ; ; ; ; ;
42012;23.08.2013 18:06:00;123,2; ; ; ; ; ; ; ; ; ; ; ; ; ; ; ; ; ;
42085;23.08.2013 22:38:00;122,77; ; ; ; ; ; ; ; ; ; ; ; ; ; ; ; ; ;
42163;26.08.2013 12:36:00;122,46; ; ; ; ; ; ; ; ; ; ; ; ; ; ; ; ; ;
42297;26.08.2013 19:04:00;123,15; ; ; ; ; ; ; ; ; ; ; ; ; ; ; ; ; ;
42340;26.08.2013 22:36:00;122,65; ; ; ; ; ; ; ; ; ; ; ; ; ; ; ; ; ;
42564;27.08.2013 19:34:00;123,83; ; ; ; ; ; ; ; ; ; ; ; ; ; ; ; ; ;
42612;27.08.2013 23:09:00;123,34; ; ; ; ; ; ; ; ; ; ; ; ; ; ; ; ; ;
42718;28.08.2013 12:53:00;123,36; ; ; ; ; ; ; ; ; ; ; ; ; ; ; ; ; ;
42762;28.08.2013 14:24:00;122,49; ; ; ; ; ; ; ; ; ; ; ; ; ; ; ; ; ;
42835;28.08.2013 17:16:00;122,75; ; ; ; ; ; ; ; ; ; ; ; ; ; ; ; ; ;
42975;28.08.2013 23:49:00;123,48; ; ; ; ; ; ; ; ; ; ; ; ; ; ; ; ; ;
42988;29.08.2013 10:23:00;122,87; ; ; ; ; ; ; ; ; ; ; ; ; ; ; ; ; ;
43073;29.08.2013 13:18:00;122,83; ; ; ; ; ; ; ; ; ; ; ; ; ; ; ; ; ;
43154;29.08.2013 16:49:00;122,99; ; ; ; ; ; ; ; ; ; ; ; ; ; ; ; ; ;
43197;29.08.2013 18:31:00;122,77; ; ; ; ; ; ; ; ; ; ; ; ; ; ; ; ; ;
43232;29.08.2013 21:15:00;122,74; ; ; ; ; ; ; ; ; ; ; ; ; ; ; ; ; ;
43265;29.08.2013 23:28:00;122,54; ; ; ; ; ; ; ; ; ; ; ; ; ; ; ; ; ;
43531;02.09.2013 10:07:00;123,94; ; ; ; ; ; ; ; ; ; ; ; ; ; ; ; ; ;
43692;02.09.2013 19:54:00;125,22; ; ; ; ; ; ; ; ; ; ; ; ; ; ; ; ; ;
43734;03.09.2013 10:17:00;123,93; ; ; ; ; ; ; ; ; ; ; ; ; ; ; ; ; ;
43828;03.09.2013 13:42:00;123,76; ; ; ; ; ; ; ; ; ; ; ; ; ; ; ; ; ;
43933;03.09.2013 17:55:00;123,43; ; ; ; ; ; ; ; ; ; ; ; ; ; ; ; ; ;
43986;03.09.2013 21:13:00;122,71; ; ; ; ; ; ; ; ; ; ; ; ; ; ; ; ; ;
44110;04.09.2013 14:47:00;122,69; ; ; ; ; ; ; ; ; ; ; ; ; ; ; ; ; ;
44341;05.09.2013 13:34:00;123,5; ; ; ; ; ; ; ; ; ; ; ; ; ; ; ; ; ;
44389;05.09.2013 15:15:00;122,9; ; ; ; ; ; ; ; ; ; ; ; ; ; ; ; ; ;
44559;06.09.2013 10:31:00;124,77; ; ; ; ; ; ; ; ; ; ; ; ; ; ; ; ; ;
44701;06.09.2013 15:44:00;124,34; ; ; ; ; ; ; ; ; ; ; ; ; ; ; ; ; ;
44802;06.09.2013 18:15:00;124,14; ; ; ; ; ; ; ; ; ; ; ; ; ; ; ; ; ;
44871;06.09.2013 22:16:00;123,66; ; ; ; ; ; ; ; ; ; ; ; ; ; ; ; ; ;
45050;09.09.2013 14:40:00;124,65; ; ; ; ; ; ; ; ; ; ; ; ; ; ; ; ; ;
45120;09.09.2013 17:30:00;123,92; ; ; ; ; ; ; ; ; ; ; ; ; ; ; ; ; ;
45430;10.09.2013 16:54:00;127,38; ; ; ; ; ; ; ; ; ; ; ; ; ; ; ; ; ;
45484;10.09.2013 19:29:00;126,58; ; ; ; ; ; ; ; ; ; ; ; ; ; ; ; ; ;
45547;11.09.2013 10:44:00;126,49; ; ; ; ; ; ; ; ; ; ; ; ; ; ; ; ; ;
45578;11.09.2013 11:46:00;126,31; ; ; ; ; ; ; ; ; ; ; ; ; ; ; ; ; ;
45613;11.09.2013 13:04:00;125,27; ; ; ; ; ; ; ; ; ; ; ; ; ; ; ; ; ;
45774;12.09.2013 10:24:00;125,3; ; ; ; ; ; ; ; ; ; ; ; ; ; ; ; ; ;
45804;12.09.2013 11:38:00;124,46; ; ; ; ; ; ; ; ; ; ; ; ; ; ; ; ; ;
45916;12.09.2013 15:47:00;124,81; ; ; ; ; ; ; ; ; ; ; ; ; ; ; ; ; ;
46070;13.09.2013 10:11:00;125,11; ; ; ; ; ; ; ; ; ; ; ; ; ; ; ; ; ;
46197;13.09.2013 15:32:00;124,88; ; ; ; ; ; ; ; ; ; ; ; ; ; ; ; ; ;
46224;13.09.2013 16:55:00;124,49; ; ; ; ; ; ; ; ; ; ; ; ; ; ; ; ; ;
46260;13.09.2013 19:11:00;123,1; ; ; ; ; ; ; ; ; ; ; ; ; ; ; ; ; ;
46558;17.09.2013 10:46:00;125,83; ; ; ; ; ; ; ; ; ; ; ; ; ; ; ; ; ;
46615;17.09.2013 13:15:00;125,32; ; ; ; ; ; ; ; ; ; ; ; ; ; ; ; ; ;
46885;18.09.2013 17:35:00;127,3; ; ; ; ; ; ; ; ; ; ; ; ; ; ; ; ; ;
46959;18.09.2013 22:12:00;125,77; ; ; ; ; ; ; ; ; ; ; ; ; ; ; ; ; ;
47098;19.09.2013 12:57:00;127,31; ; ; ; ; ; ; ; ; ; ; ; ; ; ; ; ; ;
47157;19.09.2013 15:25:00;127,42; ; ; ; ; ; ; ; ; ; ; ; ; ; ; ; ; ;
47202;19.09.2013 17:49:00;127,36; ; ; ; ; ; ; ; ; ; ; ; ; ; ; ; ; ;
47378;20.09.2013 14:37:00;127,81; ; ; ; ; ; ; ; ; ; ; ; ; ; ; ; ; ;
47476;20.09.2013 20:09:00;127,65; ; ; ; ; ; ; ; ; ; ; ; ; ; ; ; ; ;
47715;24.09.2013 10:37:00;128,86; ; ; ; ; ; ; ; ; ; ; ; ; ; ; ; ; ;
47732;24.09.2013 11:40:00;128,5; ; ; ; ; ; ; ; ; ; ; ; ; ; ; ; ; ;
47853;24.09.2013 19:13:00;128,48; ; ; ; ; ; ; ; ; ; ; ; ; ; ; ; ; ;
47870;24.09.2013 20:53:00;128,34; ; ; ; ; ; ; ; ; ; ; ; ; ; ; ; ; ;
47891;24.09.2013 22:50:00;128,32; ; ; ; ; ; ; ; ; ; ; ; ; ; ; ; ; ;
47901;25.09.2013 10:01:00;127,85; ; ; ; ; ; ; ; ; ; ; ; ; ; ; ; ; ;
47985;25.09.2013 14:40:00;126,54; ; ; ; ; ; ; ; ; ; ; ; ; ; ; ; ; ;
48194;26.09.2013 12:38:00;126,77; ; ; ; ; ; ; ; ; ; ; ; ; ; ; ; ; ;
48275;26.09.2013 17:30:00;126,88; ; ; ; ; ; ; ; ; ; ; ; ; ; ; ; ; ;
48339;26.09.2013 21:40:00;126,69; ; ; ; ; ; ; ; ; ; ; ; ; ; ; ; ; ;
48540;27.09.2013 17:27:00;128,88; ; ; ; ; ; ; ; ; ; ; ; ; ; ; ; ; ;
48541;27.09.2013 17:31:00;128,75; ; ; ; ; ; ; ; ; ; ; ; ; ; ; ; ; ;
48775;30.09.2013 20:43:00;130,91; ; ; ; ; ; ; ; ; ; ; ; ; ; ; ; ; ;
48989;01.10.2013 18:00:00;132,16; ; ; ; ; ; ; ; ; ; ; ; ; ; ; ; ; ;
49009;01.10.2013 19:07:00;131,37; ; ; ; ; ; ; ; ; ; ; ; ; ; ; ; ; ;
49084;02.10.2013 10:47:00;130,31; ; ; ; ; ; ; ; ; ; ; ; ; ; ; ; ; ;
49262;02.10.2013 21:25:00;130,72; ; ; ; ; ; ; ; ; ; ; ; ; ; ; ; ; ;
49331;03.10.2013 11:34:00;130,16; ; ; ; ; ; ; ; ; ; ; ; ; ; ; ; ; ;
49416;03.10.2013 17:02:00;129,24; ; ; ; ; ; ; ; ; ; ; ; ; ; ; ; ; ;
49474;03.10.2013 20:08:00;128,21; ; ; ; ; ; ; ; ; ; ; ; ; ; ; ; ; ;
49525;03.10.2013 23:35:00;127,58; ; ; ; ; ; ; ; ; ; ; ; ; ; ; ; ; ;
49566;04.10.2013 11:55:00;127,18; ; ; ; ; ; ; ; ; ; ; ; ; ; ; ; ; ;
49602;04.10.2013 13:59:00;126,35; ; ; ; ; ; ; ; ; ; ; ; ; ; ; ; ; ;
49761;07.10.2013 10:55:00;127,86; ; ; ; ; ; ; ; ; ; ; ; ; ; ; ; ; ;
49842;07.10.2013 15:45:00;127,69; ; ; ; ; ; ; ; ; ; ; ; ; ; ; ; ; ;
50019;08.10.2013 12:39:00;128,23; ; ; ; ; ; ; ; ; ; ; ; ; ; ; ; ; ;
50073;08.10.2013 14:50:00;127,14; ; ; ; ; ; ; ; ; ; ; ; ; ; ; ; ; ;
50192;08.10.2013 22:49:00;127,46; ; ; ; ; ; ; ; ; ; ; ; ; ; ; ; ; ;
50241;09.10.2013 11:30:00;126,5; ; ; ; ; ; ; ; ; ; ; ; ; ; ; ; ; ;
50321;09.10.2013 15:42:00;125,88; ; ; ; ; ; ; ; ; ; ; ; ; ; ; ; ; ;
50428;09.10.2013 21:01:00;126,06; ; ; ; ; ; ; ; ; ; ; ; ; ; ; ; ; ;
50674;10.10.2013 20:18:00;128,44; ; ; ; ; ; ; ; ; ; ; ; ; ; ; ; ; ;
50732;11.10.2013 10:50:00;128,23; ; ; ; ; ; ; ; ; ; ; ; ; ; ; ; ; ;
50753;11.10.2013 11:50:00;127,25; ; ; ; ; ; ; ; ; ; ; ; ; ; ; ; ; ;
50801;11.10.2013 14:30:00;126,61; ; ; ; ; ; ; ; ; ; ; ; ; ; ; ; ; ;
50833;11.10.2013 16:26:00;126,04; ; ; ; ; ; ; ; ; ; ; ; ; ; ; ; ; ;
50927;11.10.2013 23:47:00;125,96; ; ; ; ; ; ; ; ; ; ; ; ; ; ; ; ; ;
50935;14.10.2013 10:17:00;124,84; ; ; ; ; ; ; ; ; ; ; ; ; ; ; ; ; ;
51021;14.10.2013 14:32:00;124,84; ; ; ; ; ; ; ; ; ; ; ; ; ; ; ; ; ;
51222;15.10.2013 13:38:00;127,02; ; ; ; ; ; ; ; ; ; ; ; ; ; ; ; ; ;
51264;15.10.2013 16:47:00;126,73; ; ; ; ; ; ; ; ; ; ; ; ; ; ; ; ; ;
51353;15.10.2013 21:40:00;126,59; ; ; ; ; ; ; ; ; ; ; ; ; ; ; ; ; ;
51430;16.10.2013 12:05:00;126,1; ; ; ; ; ; ; ; ; ; ; ; ; ; ; ; ; ;
51488;16.10.2013 15:24:00;125,46; ; ; ; ; ; ; ; ; ; ; ; ; ; ; ; ; ;
51725;17.10.2013 16:50:00;126,94; ; ; ; ; ; ; ; ; ; ; ; ; ; ; ; ; ;
52097;21.10.2013 14:33:00;129,65; ; ; ; ; ; ; ; ; ; ; ; ; ; ; ; ; ;
52145;21.10.2013 17:50:00;129,27; ; ; ; ; ; ; ; ; ; ; ; ; ; ; ; ; ;
52194;21.10.2013 23:25:00;129,13; ; ; ; ; ; ; ; ; ; ; ; ; ; ; ; ; ;
52331;22.10.2013 18:16:00;128,64; ; ; ; ; ; ; ; ; ; ; ; ; ; ; ; ; ;
52388;23.10.2013 10:20:00;127,46; ; ; ; ; ; ; ; ; ; ; ; ; ; ; ; ; ;
52576;24.10.2013 11:36:00;129,66; ; ; ; ; ; ; ; ; ; ; ; ; ; ; ; ; ;
52583;24.10.2013 11:54:00;129,25; ; ; ; ; ; ; ; ; ; ; ; ; ; ; ; ; ;
52639;24.10.2013 15:09:00;127,95; ; ; ; ; ; ; ; ; ; ; ; ; ; ; ; ; ;
52690;24.10.2013 18:07:00;126,85; ; ; ; ; ; ; ; ; ; ; ; ; ; ; ; ; ;
52815;25.10.2013 13:38:00;126,39; ; ; ; ; ; ; ; ; ; ; ; ; ; ; ; ; ;
52903;25.10.2013 19:30:00;126,17; ; ; ; ; ; ; ; ; ; ; ; ; ; ; ; ; ;
52921;28.10.2013 10:13:00;125,06; ; ; ; ; ; ; ; ; ; ; ; ; ; ; ; ; ;
52993;28.10.2013 14:26:00;124,25; ; ; ; ; ; ; ; ; ; ; ; ; ; ; ; ; ;
53098;29.10.2013 10:12:00;124,79; ; ; ; ; ; ; ; ; ; ; ; ; ; ; ; ; ;
53109;29.10.2013 10:46:00;124,65; ; ; ; ; ; ; ; ; ; ; ; ; ; ; ; ; ;
53171;29.10.2013 14:33:00;124,73; ; ; ; ; ; ; ; ; ; ; ; ; ; ; ; ; ;
53267;29.10.2013 21:03:00;124,85; ; ; ; ; ; ; ; ; ; ; ; ; ; ; ; ; ;
53317;30.10.2013 11:57:00;124,01; ; ; ; ; ; ; ; ; ; ; ; ; ; ; ; ; ;
53404;30.10.2013 17:48:00;123,7; ; ; ; ; ; ; ; ; ; ; ; ; ; ; ; ; ;
53573;31.10.2013 15:54:00;124,72; ; ; ; ; ; ; ; ; ; ; ; ; ; ; ; ; ;
53660;31.10.2013 22:47:00;125,29; ; ; ; ; ; ; ; ; ; ; ; ; ; ; ; ; ;
53682;01.11.2013 10:32:00;125,59; ; ; ; ; ; ; ; ; ; ; ; ; ; ; ; ; ;
53847;01.11.2013 23:45:00;126,53; ; ; ; ; ; ; ; ; ; ; ; ; ; ; ; ; ;
53855;05.11.2013 10:15:00;126,02; ; ; ; ; ; ; ; ; ; ; ; ; ; ; ; ; ;
53916;05.11.2013 13:46:00;124,92; ; ; ; ; ; ; ; ; ; ; ; ; ; ; ; ; ;
54049;06.11.2013 12:14:00;125,28; ; ; ; ; ; ; ; ; ; ; ; ; ; ; ; ; ;
54100;06.11.2013 14:44:00;125,07; ; ; ; ; ; ; ; ; ; ; ; ; ; ; ; ; ;
54115;06.11.2013 15:49:00;124,88; ; ; ; ; ; ; ; ; ; ; ; ; ; ; ; ; ;
54158;06.11.2013 20:05:00;124,47; ; ; ; ; ; ; ; ; ; ; ; ; ; ; ; ; ;
54240;07.11.2013 14:54:00;124,32; ; ; ; ; ; ; ; ; ; ; ; ; ; ; ; ; ;
54333;07.11.2013 20:18:00;124,05; ; ; ; ; ; ; ; ; ; ; ; ; ; ; ; ; ;
54426;08.11.2013 13:26:00;123,95; ; ; ; ; ; ; ; ; ; ; ; ; ; ; ; ; ;
54460;08.11.2013 16:54:00;123,77; ; ; ; ; ; ; ; ; ; ; ; ; ; ; ; ; ;
54461;08.11.2013 16:59:00;123,66; ; ; ; ; ; ; ; ; ; ; ; ; ; ; ; ; ;
54469;08.11.2013 17:33:00;123,35; ; ; ; ; ; ; ; ; ; ; ; ; ; ; ; ; ;
54539;11.11.2013 11:40:00;123,05; ; ; ; ; ; ; ; ; ; ; ; ; ; ; ; ; ;
54577;11.11.2013 14:43:00;122,6; ; ; ; ; ; ; ; ; ; ; ; ; ; ; ; ; ;
54681;12.11.2013 11:06:00;122,5; ; ; ; ; ; ; ; ; ; ; ; ; ; ; ; ; ;
54841;13.11.2013 11:16:00;124,4; ; ; ; ; ; ; ; ; ; ; ; ; ; ; ; ; ;
54881;13.11.2013 13:58:00;123,3; ; ; ; ; ; ; ; ; ; ; ; ; ; ; ; ; ;
54943;13.11.2013 17:55:00;121,74; ; ; ; ; ; ; ; ; ; ; ; ; ; ; ; ; ;
55032;14.11.2013 10:20:00;121,56; ; ; ; ; ; ; ; ; ; ; ; ; ; ; ; ; ;
55291;15.11.2013 13:23:00;121,95; ; ; ; ; ; ; ; ; ; ; ; ; ; ; ; ; ;
55348;15.11.2013 16:20:00;121,49; ; ; ; ; ; ; ; ; ; ; ; ; ; ; ; ; ;
55390;15.11.2013 19:31:00;120,78; ; ; ; ; ; ; ; ; ; ; ; ; ; ; ; ; ;
55444;18.11.2013 11:25:00;120,68; ; ; ; ; ; ; ; ; ; ; ; ; ; ; ; ; ;
55486;18.11.2013 13:40:00;120,99; ; ; ; ; ; ; ; ; ; ; ; ; ; ; ; ; ;
55507;18.11.2013 15:15:00;120,8; ; ; ; ; ; ; ; ; ; ; ; ; ; ; ; ; ;
55654;19.11.2013 12:50:00;122,9; ; ; ; ; ; ; ; ; ; ; ; ; ; ; ; ; ;
55676;19.11.2013 13:57:00;122,12; ; ; ; ; ; ; ; ; ; ; ; ; ; ; ; ; ;
55728;19.11.2013 17:07:00;121,39; ; ; ; ; ; ; ; ; ; ; ; ; ; ; ; ; ;
55774;19.11.2013 20:14:00;121,15; ; ; ; ; ; ; ; ; ; ; ; ; ; ; ; ; ;
55802;19.11.2013 22:24:00;120,65; ; ; ; ; ; ; ; ; ; ; ; ; ; ; ; ; ;
55872;20.11.2013 12:29:00;120,4; ; ; ; ; ; ; ; ; ; ; ; ; ; ; ; ; ;
55884;20.11.2013 13:15:00;119,37; ; ; ; ; ; ; ; ; ; ; ; ; ; ; ; ; ;
55969;20.11.2013 17:23:00;118,74; ; ; ; ; ; ; ; ; ; ; ; ; ; ; ; ; ;
56055;20.11.2013 23:45:00;118,57; ; ; ; ; ; ; ; ; ; ; ; ; ; ; ; ; ;
56230;21.11.2013 22:51:00;118,83; ; ; ; ; ; ; ; ; ; ; ; ; ; ; ; ; ;
56291;22.11.2013 13:23:00;118,21; ; ; ; ; ; ; ; ; ; ; ; ; ; ; ; ; ;
56363;22.11.2013 17:28:00;117,63; ; ; ; ; ; ; ; ; ; ; ; ; ; ; ; ; ;
56557;25.11.2013 18:16:00;117,85; ; ; ; ; ; ; ; ; ; ; ; ; ; ; ; ; ;
56819;26.11.2013 23:08:00;119,75; ; ; ; ; ; ; ; ; ; ; ; ; ; ; ; ; ;
56853;27.11.2013 11:11:00;119,33; ; ; ; ; ; ; ; ; ; ; ; ; ; ; ; ; ;
56902;27.11.2013 13:11:00;119,07; ; ; ; ; ; ; ; ; ; ; ; ; ; ; ; ; ;
56955;27.11.2013 15:23:00;118,7; ; ; ; ; ; ; ; ; ; ; ; ; ; ; ; ; ;
57063;27.11.2013 23:45:00;118,86; ; ; ; ; ; ; ; ; ; ; ; ; ; ; ; ; ;
57134;28.11.2013 13:53:00;118,94; ; ; ; ; ; ; ; ; ; ; ; ; ; ; ; ; ;
57323;29.11.2013 13:49:00;119,36; ; ; ; ; ; ; ; ; ; ; ; ; ; ; ; ; ;
57508;02.12.2013 12:38:00;119,39; ; ; ; ; ; ; ; ; ; ; ; ; ; ; ; ; ;
57860;03.12.2013 20:00:00;122,28; ; ; ; ; ; ; ; ; ; ; ; ; ; ; ; ; ;
57867;03.12.2013 20:43:00;121,99; ; ; ; ; ; ; ; ; ; ; ; ; ; ; ; ; ;
57960;04.12.2013 12:36:00;122,07; ; ; ; ; ; ; ; ; ; ; ; ; ; ; ; ; ;
57989;04.12.2013 13:42:00;122,09; ; ; ; ; ; ; ; ; ; ; ; ; ; ; ; ; ;
58177;05.12.2013 10:34:00;123,29; ; ; ; ; ; ; ; ; ; ; ; ; ; ; ; ; ;
58194;05.12.2013 11:16:00;122,89; ; ; ; ; ; ; ; ; ; ; ; ; ; ; ; ; ;
58202;05.12.2013 11:38:00;122,67; ; ; ; ; ; ; ; ; ; ; ; ; ; ; ; ; ;
58231;05.12.2013 12:56:00;122,65; ; ; ; ; ; ; ; ; ; ; ; ; ; ; ; ; ;
58233;05.12.2013 13:10:00;122,61; ; ; ; ; ; ; ; ; ; ; ; ; ; ; ; ; ;
58313;05.12.2013 17:32:00;121,85; ; ; ; ; ; ; ; ; ; ; ; ; ; ; ; ; ;
58422;06.12.2013 11:30:00;122,4; ; ; ; ; ; ; ; ; ; ; ; ; ; ; ; ; ;
58532;06.12.2013 17:07:00;123,19; ; ; ; ; ; ; ; ; ; ; ; ; ; ; ; ; ;
58551;06.12.2013 17:58:00;122,38; ; ; ; ; ; ; ; ; ; ; ; ; ; ; ; ; ;
58693;09.12.2013 14:21:00;123,43; ; ; ; ; ; ; ; ; ; ; ; ; ; ; ; ; ;
58711;09.12.2013 15:19:00;122,83; ; ; ; ; ; ; ; ; ; ; ; ; ; ; ; ; ;
58847;10.12.2013 12:18:00;122,82; ; ; ; ; ; ; ; ; ; ; ; ; ; ; ; ; ;
58902;10.12.2013 16:21:00;121,58; ; ; ; ; ; ; ; ; ; ; ; ; ; ; ; ; ;
58981;11.12.2013 10:37:00;120,37; ; ; ; ; ; ; ; ; ; ; ; ; ; ; ; ; ;
59045;11.12.2013 14:07:00;119,71; ; ; ; ; ; ; ; ; ; ; ; ; ; ; ; ; ;
59153;11.12.2013 20:05:00;119,65; ; ; ; ; ; ; ; ; ; ; ; ; ; ; ; ; ;
59254;12.12.2013 12:22:00;119,88; ; ; ; ; ; ; ; ; ; ; ; ; ; ; ; ; ;
59293;12.12.2013 14:28:00;118,94; ; ; ; ; ; ; ; ; ; ; ; ; ; ; ; ; ;
59429;13.12.2013 10:50:00;118,94; ; ; ; ; ; ; ; ; ; ; ; ; ; ; ; ; ;
59496;13.12.2013 14:33:00;118,25; ; ; ; ; ; ; ; ; ; ; ; ; ; ; ; ; ;
59550;13.12.2013 17:57:00;117,64; ; ; ; ; ; ; ; ; ; ; ; ; ; ; ; ; ;
 ; ; ; ; ; ; ; ; ; ; ; ; ; ; ; ; ; ; ; ;
